-- phpMyAdmin SQL Dump
-- version 5.2.1deb3
-- https://www.phpmyadmin.net/
--
-- Host: localhost:3789
-- Tempo de geração: 07/02/2025 às 11:15
-- Versão do servidor: 8.0.41-0ubuntu0.24.04.1
-- Versão do PHP: 8.3.6

SET SQL_MODE = "NO_AUTO_VALUE_ON_ZERO";
START TRANSACTION;
SET time_zone = "+00:00";


/*!40101 SET @OLD_CHARACTER_SET_CLIENT=@@CHARACTER_SET_CLIENT */;
/*!40101 SET @OLD_CHARACTER_SET_RESULTS=@@CHARACTER_SET_RESULTS */;
/*!40101 SET @OLD_COLLATION_CONNECTION=@@COLLATION_CONNECTION */;
/*!40101 SET NAMES utf8mb4 */;

--
-- Banco de dados: `GrupoCelfix`
--
CREATE DATABASE `GrupoCelfix`;
USE`GrupoCelfix`;
-- ----------
-- --------------------------------------------------------

--
-- Estrutura para tabela `aparelho`
--

CREATE TABLE `aparelho` (
  `id_aparelho` int UNSIGNED NOT NULL,
  `Descricao` varchar(200) COLLATE utf8mb4_general_ci NOT NULL,
  `Marca` varchar(100) COLLATE utf8mb4_general_ci NOT NULL,
  `image_aparelho` varchar(200) COLLATE utf8mb4_general_ci NOT NULL
) ENGINE=InnoDB DEFAULT CHARSET=utf8mb4 COLLATE=utf8mb4_general_ci;

--
-- Despejando dados para a tabela `aparelho`
--

INSERT INTO `aparelho` (`id_aparelho`, `Descricao`, `Marca`, `image_aparelho`) VALUES
(26, 'Iphone 11 Branco', 'Apple', 'Iphone 11.jpeg');

-- --------------------------------------------------------

--
-- Estrutura para tabela `carrinho`
--

CREATE TABLE `carrinho` (
  `id_Carrinho` int UNSIGNED NOT NULL,
  `Id_User` int UNSIGNED NOT NULL,
  `Id_Prod` int NOT NULL
) ENGINE=InnoDB DEFAULT CHARSET=utf8mb4 COLLATE=utf8mb4_general_ci;

--
-- Despejando dados para a tabela `carrinho`
--

INSERT INTO `carrinho` (`id_Carrinho`, `Id_User`, `Id_Prod`) VALUES
(11, 4, 37),
(12, 4, 37),
(13, 23, 77),
(14, 25, 66);

-- --------------------------------------------------------

--
-- Estrutura para tabela `compra`
--

CREATE TABLE `compra` (
  `id_compra` int NOT NULL,
  `id_produto` int NOT NULL,
  `id_usuario` int UNSIGNED NOT NULL,
  `id_endereco` int NOT NULL,
  `Status` int NOT NULL,
  `preco_total` decimal(10,2) NOT NULL,
  `tipo_pagamento` varchar(50) COLLATE utf8mb4_general_ci NOT NULL,
  `n_parcelas` int DEFAULT '1',
  `qtde_pecas_compradas` int NOT NULL,
  `data_entrega` date DEFAULT NULL,
  `data_compra` timestamp NOT NULL DEFAULT CURRENT_TIMESTAMP
) ENGINE=InnoDB DEFAULT CHARSET=utf8mb4 COLLATE=utf8mb4_general_ci;

--
-- Despejando dados para a tabela `compra`
--

INSERT INTO `compra` (`id_compra`, `id_produto`, `id_usuario`, `id_endereco`, `Status`, `preco_total`, `tipo_pagamento`, `n_parcelas`, `qtde_pecas_compradas`, `data_entrega`, `data_compra`) VALUES
(75, 37, 4, 2, 1, 5200.00, 'Pix', 1, 2, '2024-12-06', '2024-11-29 15:02:02'),
(76, 85, 23, 4, 1, 2400.00, 'Pix', 1, 3, '2024-12-06', '2024-11-29 18:31:50'),
(77, 89, 25, 5, 1, 840.00, 'Pix', 1, 3, '2024-12-07', '2024-11-30 11:35:51');

-- --------------------------------------------------------

--
-- Estrutura para tabela `concerto`
--

CREATE TABLE `concerto` (
  `id_Concerto` int UNSIGNED NOT NULL,
  `id_User` int UNSIGNED NOT NULL,
  `id_aparelho` int UNSIGNED NOT NULL,
  `Descricao` varchar(200) COLLATE utf8mb4_general_ci NOT NULL,
  `Nome` varchar(255) COLLATE utf8mb4_general_ci NOT NULL,
  `CPF` varchar(11) COLLATE utf8mb4_general_ci NOT NULL,
  `Nota_Fiscal` tinyint(1) NOT NULL,
  `Garantia` tinyint(1) NOT NULL,
  `Atualizacoes` tinyint(1) NOT NULL,
  `Apagar` tinyint(1) NOT NULL,
  `Telefone` varchar(11) COLLATE utf8mb4_general_ci NOT NULL,
  `Termos` tinyint(1) NOT NULL,
  `status` int DEFAULT '0',
  `PrecoPeca` decimal(10,2) DEFAULT NULL,
  `MetodoPagamento` varchar(255) COLLATE utf8mb4_general_ci DEFAULT NULL,
  `Parcelas` int DEFAULT NULL,
  `GarantiaExtendida` tinyint(1) DEFAULT NULL,
  `PrecoTotal` decimal(10,2) DEFAULT NULL
) ENGINE=InnoDB DEFAULT CHARSET=utf8mb4 COLLATE=utf8mb4_general_ci;

--
-- Despejando dados para a tabela `concerto`
--

INSERT INTO `concerto` (`id_Concerto`, `id_User`, `id_aparelho`, `Descricao`, `Nome`, `CPF`, `Nota_Fiscal`, `Garantia`, `Atualizacoes`, `Apagar`, `Telefone`, `Termos`, `status`, `PrecoPeca`, `MetodoPagamento`, `Parcelas`, `GarantiaExtendida`, `PrecoTotal`) VALUES
(25, 4, 26, 'Deu pau na camera', 'Cássio egidio funcionario', '05192889120', 0, 0, 0, 1, '11958533922', 1, 0, NULL, NULL, NULL, NULL, NULL),
(26, 4, 26, 'Teste do vinao', 'Cássio egidio funcionario', '05192889120', 0, 0, 0, 0, '11958533922', 0, 0, NULL, NULL, NULL, NULL, NULL),
(27, 4, 26, 'asd', 'Cássio egidio funcionario', '05192889120', 0, 0, 0, 0, '11958533922', 0, 0, NULL, NULL, NULL, NULL, NULL),
(28, 4, 26, 'fggfgffg', 'Cássio egidio funcionario', '05192889120', 1, 1, 1, 1, '11958533922', 1, 0, NULL, NULL, NULL, NULL, NULL),
(29, 4, 26, 'afasfsafasfsafasfsafsa', 'Cássio egidio funcionario', '05192889120', 0, 1, 0, 1, '11958533922', 1, 0, NULL, NULL, NULL, NULL, NULL),
(30, 4, 26, 'Teste2', 'Cássio egidio funcionario', '05192889120', 0, 0, 1, 1, '11958533922', 1, 0, NULL, NULL, NULL, NULL, NULL),
(31, 4, 26, 'Teste4', 'Cássio egidio', '05192889120', 1, 0, 1, 1, '11958533922', 1, 0, NULL, NULL, NULL, NULL, NULL),
(32, 23, 26, 'derrunbei  e qubro', 'cassio egidio', '75186778060', 1, 1, 1, 1, '11958533922', 1, 0, NULL, NULL, NULL, NULL, NULL),
(33, 6, 26, 'Shsgg', 'outro funci', '72150777304', 1, 1, 1, 1, '25255', 1, 0, NULL, NULL, NULL, NULL, NULL),
(34, 25, 26, 'derrubri', 'jonatas', '41585626864', 1, 1, 1, 1, '11744378', 1, 0, NULL, NULL, NULL, NULL, NULL);

-- --------------------------------------------------------

--
-- Estrutura para tabela `endereco`
--

CREATE TABLE `endereco` (
  `ID_Endereco` int NOT NULL,
  `ID_User` int UNSIGNED NOT NULL,
  `CEP` varchar(8) COLLATE utf8mb4_general_ci NOT NULL,
  `rua` varchar(255) COLLATE utf8mb4_general_ci NOT NULL,
  `bairro` varchar(255) COLLATE utf8mb4_general_ci NOT NULL,
  `cidade` varchar(255) COLLATE utf8mb4_general_ci NOT NULL,
  `estado` varchar(255) COLLATE utf8mb4_general_ci NOT NULL,
  `numero` varchar(255) COLLATE utf8mb4_general_ci NOT NULL,
  `Descricao` varchar(255) COLLATE utf8mb4_general_ci NOT NULL
) ENGINE=InnoDB DEFAULT CHARSET=utf8mb4 COLLATE=utf8mb4_general_ci;

--
-- Despejando dados para a tabela `endereco`
--

INSERT INTO `endereco` (`ID_Endereco`, `ID_User`, `CEP`, `rua`, `bairro`, `cidade`, `estado`, `numero`, `Descricao`) VALUES
(1, 4, '03559080', 'Rua Padre Antônio de Andrade', 'Vila Nhocune', 'São Paulo', 'SP', '133', 'Casa'),
(2, 4, '08223268', 'Rua Santos Dumont', 'Cidade Antônio Estevão de Carvalho', 'São Paulo', 'SP', '351', 'Casa Cassio'),
(3, 4, '03559080', 'Rua Padre Antônio de Andrade', 'Vila Nhocune', 'São Paulo', 'SP', '231', 'Casa2'),
(4, 23, '03690040', 'Rua Karl Friederich Gauss', 'Jardim Nordeste', 'São Paulo', 'SP', '323', 'apartamento'),
(5, 25, '08223268', 'Rua Santos Dumont', 'Cidade Antônio Estevão de Carvalho', 'São Paulo', 'SP', '234', 'casa');

-- --------------------------------------------------------

--
-- Estrutura para tabela `faleconosco`
--

CREATE TABLE `faleconosco` (
  `id_fale` int NOT NULL,
  `nome` varchar(255) COLLATE utf8mb4_general_ci NOT NULL,
  `email` varchar(255) COLLATE utf8mb4_general_ci NOT NULL,
  `mensagem` varchar(8000) COLLATE utf8mb4_general_ci NOT NULL
) ENGINE=InnoDB DEFAULT CHARSET=utf8mb4 COLLATE=utf8mb4_general_ci;

--
-- Despejando dados para a tabela `faleconosco`
--

INSERT INTO `faleconosco` (`id_fale`, `nome`, `email`, `mensagem`) VALUES
(1, 'Cassio', 'cassioadm@gmail.com', 'ola');

-- --------------------------------------------------------

--
-- Estrutura para tabela `imagens_produto`
--

CREATE TABLE `imagens_produto` (
  `id` int NOT NULL,
  `produto_id` int DEFAULT NULL,
  `nome_imagem` varchar(255) COLLATE utf8mb4_general_ci NOT NULL
) ENGINE=InnoDB DEFAULT CHARSET=utf8mb4 COLLATE=utf8mb4_general_ci;

--
-- Despejando dados para a tabela `imagens_produto`
--

INSERT INTO `imagens_produto` (`id`, `produto_id`, `nome_imagem`) VALUES
(129, 37, 'd2dbbf25adf46fed48fa8ff84363c6fcffa3f0ac22f66786de46be6954c02eb5cf7c10e1d1fcbacb6ac18401fd77e6dcff95a5d943508068919073d3.jpg'),
(130, 37, 'ebe4c545c0ce233add13ce06c63be6ad13cfecf41b6699d24ec166448815b12dd5553ce9f6ae47e9947695aef4bbe9cb5bb06622b640b4816ebf03a0.jpg'),
(131, 37, 'c5d018b6e475870abcd2470839f891154d6c9b846d939fd1e61b66d721015f8839d20a301099ff60bebfddb9740f91aac7039b481b7efad56976e63b.jpg'),
(132, 37, '0295d74c8810c39664a6153e20503fafe1820acc12df58c4c2539230be8f8ae08c1a076766ebd9830f5c96a02f995c2bc4ad789dc962160c5b6502e6.jpg'),
(133, 37, '2ff29a758cd30bf078d095fd5ddae9ec9b5d54b875b484b22eb134ff275ca500c3e6368f3c1af1017d805f23481f7272d3481deb8dacb590ae49b039.jpg'),
(139, 40, '0123bcbfbeaa2b5d2e09f5798777b0b91a1568e31d5578dd0b20c9e562cd9c3428f420e3831de6ca5b4dc5282be86e26d09f499515cc5219b693ad51.jpg'),
(140, 40, 'b99a7128b1e5c2dbe6e0f18ac831c4bf7eeae33d9479420db33a615bbb6afd250ccdfdc3ca4a361dea60f58f2245a152c18a1fe9af06a10f601a8aa3.jpg'),
(141, 40, '0efd1b3ae0f7e003b8f331767d7650ae2bdf5073c97c07e2134aef2a4afbfede961e4ce218ee118771a939643a285deea3585ef0d5677a198c58c6c3.jpg'),
(142, 40, 'b1fb59f06eaf0fb8a63db3e6a67a1a231e98934fd42e91705567aefab004b43953cd0b8b8e77ea9025c47ef443c8d7eabd1c1110cba94af5725a8a54.jpg'),
(143, 40, '08ffd1d5f969062559f3f5df2a9911a13738de86e315f4f0270c2be207a3044a031d34c62d227c8bef052ad385b491cad7167b211ce140b2b524b80d.jpg'),
(144, 41, '7dfeedf0badf8f76608e26bcd90efd3aab422d128c287e2799ee82a6c4110ad5da708da5d4cd77fe2333e7fefdeaa0be90c039d3c4a67e162895771c.jpg'),
(145, 41, '47d2ffd354907614031b121aee1cfec0ef947b35526c489fdb975cb9106bf0baa8ca97087cde9d334435e0b1d2d10ac5fa9567dab0b3dccd5ccab30b.jpg'),
(146, 41, 'fea2ac9c7889c311c63e050c0a9f917a9d18c8ac5587eaffd4ffc02b17e3a98e78fdd423f2598ee591829a84a5a9255caaf92422a1b5bb614dec3687.jpg'),
(147, 41, 'abb5e4040c45cdc802b441790ffeaf1221391617a0ffda48d6850b483d3f3998c8de3ffd2c454d064683873703ad4ad928049637af65622dd0a22551.jpg'),
(148, 41, '5339683b610b8b167d7f5704efc7da12856841e33464d1b51649f6abb9064601a24c0342f132bf09f8a5a54b2ab7a88b1322ec4d2a4f1e6c7633002c.jpg'),
(149, 42, '56d2d134954fda6dc8ec58996ba5aaa224371ab39f4d23051fff6eeff8dc95d7649f753fde2b5a05a5b2897e3c2f4a0d0cdde8b7c4797aa3685975d9.jpg'),
(150, 42, '69e7104227f9df4693f139b5b66445c4f6a325cc4385fa7c02b22e0e3b20fdeb3f7abf2ec6d5777a9a2c4e135e45b3b9dca726a900296b13bd2617aa.jpg'),
(151, 42, '3b3dacd3cdd8163fa318cb0c01c962a7177e0799d9a3c4ed0494648f819e50caacdaf40038bfda690622ec3860e7b560ec950151de3dc30664cd9580.jpg'),
(152, 42, '90e7391b58fba52e79b047719e4aa859d60f1fe8914de097f4387013d52cf5b8180537b320ba482153edd704a4ba776e846bc8187b7eac4f987a17c3.jpg'),
(153, 42, 'ccff3abee5fda98eaab3cf3a6a0728721cbb24f3d69f5b601bf74d09d246e2ae105e581d1563bcb7107b18243b826ee4a5d7fed459186e12714afbea.jpg'),
(154, 43, '7a5a599fd9e1af93c577c2578ab2cc2911927009d57a31e4de3c269d2798842a1bdae1c04c9902cb04a019d893a721f10a473f0e83a8011dad4c93a8.jpg'),
(155, 43, '386c31ee84442e573454533c97b1ae4033b102b303f124a6d8ef3cc86104aeaf9820c5988846f9463368484289ece637156f4c8a159b446aed9d041b.jpg'),
(156, 43, '3315c9d1951c338b80289a4f12e337a3baee4e97f2c888d6eabcf598c77b3205f18846ac85f81675b992e51812787071c65f1cfbae890db8b51c386f.jpg'),
(157, 43, 'c450881aa898e0bd673e14b63430a0afb253f67e22486906c215bd7cda0eb2ef1be818d040824764ea6921c4ddb1c030c0dc75e5b1244c108d4837f6.jpg'),
(158, 43, '29af0aa3d3aee2e46d5f4840ee811d60a1e5c78a26b676a788efcb2e310b1a0497972e408391e5d55b9644c7917fce023730436cbcda6960552fa8fc.jpg'),
(159, 44, '6d71166ec489e5b281ea53aa4e6937b0bfa0d57bc290e1df39b87d4b024c209e7b324b31c433e650fc0a82ca25991307b6195f34af7dbfcf2ec4afd6.jpg'),
(160, 44, '782ec9fd72770b144c8c28d43993aaf494033623cf669673d7147acfca826e4c4b39414e74778862cf753052a5e2958dc6cb904f948306a4c4ee40b5.jpg'),
(161, 44, 'ced3042792578834c3ea8c98a887a9930f3614326e5079f837d13233825fa5adc3559ca64ae2581d706ab42a3dc2a189cf1c2d6849d81cd60d8260e9.jpg'),
(162, 44, 'b431f2a02ca89e23fca50e12bcc7cbe5aaa066802959c22312b2e1c1eb5f377433630f8ae2a197870ecd52ec161ecebb9f36c781a5e34c1f6517a87a.jpg'),
(163, 44, '6955ed6049cd19f9109c777e03c8e0cbe21f49ae8dbec73e2b3ce7c5af6104e8959ec1c582ac4e2042bc6eed7027a57cc328545595053255aca03f21.jpg'),
(164, 45, 'e739a86151b10c338f4624212a83210631325ef6d4b23bc9cd4bc9d71f411fa561df45060d52d859b37d79cbef8c95ffe3394eaaa3c6b1d2fde792b1.jpg'),
(165, 45, 'a5472688a4671ab9033b5a8f1d7b3b3b4c22bfb2e3dc74518adbc66c473511a0071b63770c625dc1c98998055557139198248801f83cb79edb280a14.jpg'),
(166, 45, '32e3c9b39a625a3b6b95e3889b457bd4b42bf91a211477485dfdd1e213968898ff1d61c0135d63fdcce360d1da6e706cfd0f90c60c572e8065b2805d.jpg'),
(167, 45, '5e5d1a4ac0047a5052d0b1c5c639536cfc3b4382b3182444f10988bbddfe99646b745beb5f2c41836c6d435f828de5e5995275738d90bfe98f090161.jpg'),
(168, 45, '216424a2765a4246e24be65d4634042f01c0e5605ca39eb9e381edee682d49913fe659d022fbe8468fc37d423cbdc59ced27bdd3f5eead932ccf3cb7.jpg'),
(169, 46, '03964ca953de585752cc77679d1a35fa17856b16de59979fee5478998e93c5fc2752da5d897c8a73df589add614f02ad38a0e9621fb676c7265b458c.jpg'),
(170, 46, 'f39dc8e3302c6c2c8a863361bc456f44049f720ef806523650a7890c7c8ac8709cea15979dda6193217d7019727273b01a9d1bb5f5f5044528af1d15.jpg'),
(171, 46, '975c98d3c9889611a87802dd1aa8c73c6099d0e781e570cd6d1d53eb66323f8e51e597b329e503f1f5257c4624d97f968661d63b68399e7cd519cc56.jpg'),
(172, 46, 'eb7e0a14ff19845558e7775d7657f703f98542d10023ad23b0fd9eec4a91a3407133ca8589304ccf96950aa03fcf7cf86a7ec8fb2ca9d45d6bcb9d7d.jpg'),
(173, 46, '2a83d273ea29a32d9400d44ab3cb5f457c326d2475976c2083e0ac584bcea1aeae99373f6c1fab6c74fa149cf937cb2bdfea544d703f4dd8263f8dac.jpg'),
(174, 47, 'cf270102424578795604cb9eace843456d2eda3135b9c8ddac5c0e87b9dd8c3d94112a67532266caefe49900c8e3db033490e4a38965f46596470fbc.jpg'),
(175, 47, 'c716ddaa3c2a524267e04d5ea150415058f47ce610e49ff1b527327a811f8b306abdbb5fd213d325cee809564ad1801b4ccfd844208a4802ec7dfa38.jpg'),
(176, 47, 'd319ad35c39fab436b763297ce7daac785ee7d512910a0e3094ac2735e21802195ddb98785429b6d2c8b4bfa572b47693698cc57f1d921a0ce06897b.jpg'),
(177, 47, 'b96ec8d94f45b60f75f38bfc797502f328e552bd2d59bdf794cef3d5cebb16a49cd6929a739c5fc199e624daca6e7c3b0222ba36aecb2c1b65aa07f7.jpg'),
(178, 47, '4c056d0362b8e601406c8471cc1340fc3cc0f3c16c1a22aad54cb3f3c1bbfd1d9dc4fbe4219f0183a13d42b18341077836b951afd0122b6b3ffc9172.jpg'),
(179, 48, '38629b3aaa825583703016c7ae97bed994dc9023ff78df1fa8fcc07bbf80034682d2bc3a0102630b499fa9c365038d21ce077eb372966aaca5410f25.jpg'),
(180, 48, '37879fc92838b83d3b3c9914aef57f96dade4411a51cfff04a49efda21ecfd9f180288a7a0bd3505c0b4b6053b4d3ee870e306c7fa62335a1c6b17fc.jpg'),
(181, 48, '072b657da105b159e2d3f4adc416d842999411e1b67fd535b75189711c7396baa47598d08a986c9549c905390c49315af863d51098a7e8357554eda0.jpg'),
(182, 48, 'df7198955cb4aa9a5294fda15eb8296c64f35d3bae27f40bbd46df476a0c81a9b003fafaf8a3031437b77eb59002fcb0cda98a853f59fd8417970c42.jpg'),
(183, 48, 'd287f939ee125039c0781d0a5d06c7166a2a764e05d904d5982f15ec0eea93c3d1486794815be471d7f09084b6bf401d612b529d67b0093475acb3fa.jpg'),
(184, 49, '7210f612b4896dd259927e5686421faf071f6173739b125a9799ea94aec7e989bd87007676b141de397090e0873761b51863b51d0948c30e3ce28524.jpg'),
(185, 49, 'b8fd192c369d83128328f7241ceb6c7d9397265a8adb2879841dfeda5a87e89be7eeba1005111edf67cccaa448f8bcf67deb0cd7df64496d86a84115.jpg'),
(186, 49, '3c4aa329756e5d283982280f081b53e3ce2d970d466b0f80e0b00a63711bee57da93c575e91f0ac2fd34ea8bdea6837e6b21e5350bfcfb8dda9e49d4.jpg'),
(187, 49, '74bbdc8a4cf68758f29bffed73812fa16f4c2446aa0fa9c89ae33de144447c7de983706781088f8e6a28695d218529a9717e0bed580f997f7276e343.jpg'),
(188, 49, 'b9a7ef8bc80be168c1696a4f051772175d053f85b315c88f6fd4eaf84c0ea454d64ebae8345a7ce2509ff8fc04c9a3a8ec1d213dd61316c9672fb1e9.jpg'),
(189, 50, '508a60e908ea99da9ed19227195ff9ea1b1a542becb1f6d734dd2190a13c5d6b53b2cac5a45a9550eb2ab164c8dc0be7b557d475751178b3b6942653.jpg'),
(190, 50, '6e5ba87b092a0358421920794fa180b73cbf2c154a15c3fb57b61b2e0e9b537ebab7210ced3baa990590635c2c06738d2d91e48c1ebb344092a89f9f.jpg'),
(191, 50, '1abc2336485266d142edb7aee5e7912167b564b8213d47549e13c522c084b27227cf8b2cb9b5a57f50f25b0eb3e80216a10dbb7061b06b4fee5ed57b.jpg'),
(192, 50, '49d475eb7957d2db2dc99f03c37edffd617d448ccfd5c135d31913e14435d28d7b4be2ed8fd05adeb3a186ada4b3a4c6e932bc2ad8970c574a758902.jpg'),
(193, 50, '7f0558b099a488b8bff38abf466ae3647d849cf22904cc7fc8c7098895f1cd1da6dfed106649aeff96be3d9c0f0df45b6ee7dbe98d78edf87d30c1be.jpg'),
(194, 51, 'ea1bbfac664c91c602c5db6d930483d9fa5a454bcc89ea54fdae5e866fbcabf415c2f262603017d984a3c7e2eeb140649f05ffb3f2821d1f98f0432a.jpg'),
(195, 51, 'b65beb6b8f3915c4fd607af1add6f87d839212941547c84bf6319c86f29ce7be78047d6828e47ed2daaea2fe531b6e29625fedd0be54ece4950e557c.jpg'),
(196, 51, '07365a43ea8169e07d43ec275f0e221380eef13b3314cf9fdf085ab5614328eb5a48f5a6d8c531767aec7f360ecc3a9b9a0362aa36d2a909ee28b3fb.jpg'),
(197, 51, 'c039b6c7112f8364269b88ce3dcd9b5264491ece63dad70dc2b262fc2cea994afba27d92f606007a25db3fe4952f7e5e4da39b7abb09f13d52ad821a.jpg'),
(198, 51, 'ffa3bca1866c933110e56bc2e09c7d8d0e2293e301e3dfa32aec6d998f22081ac1fd3f5162218e1fed65445bc59c15e9448757d66f318cefb6981e09.jpg'),
(199, 52, 'e9cf46a3061abbbedfe436ea32027814966ae33ff2437edf04e2d9b0d3bfbc0952fe9af843dc3edd38d5a5d71e4c6bb8513226f07c39f5e994a793ba.jpg'),
(200, 52, 'e384712de4eaeb034371e3a1d424752e68006aab3dcacec1ed3f1bdc33d8d42d626f7a750a71317982e1c746085daf283037f338ba4cd0e125d97fc8.jpg'),
(201, 52, 'e474d260ce0b80c84b956ac37bd8759e1ac65f1ff20b4d1393b97603a4b929980a42e875ef67914bf041d2b9435507f1013bb76e2bdb3fad093a7477.jpg'),
(202, 52, 'e266997abac5c562d3c968506ac216276b10e93d259ebdd28dfdd630ce41b610c5ee4b037123d3a7102f6e685c3e1ed2e9d103da38767eb2aad28481.jpg'),
(203, 52, '64f583904d7a3df32d0336866b81d7c3dc6c34d91fc2995fa1d6d7cbaf1a53b09af392102e6a2b33ae555f806bbcad950d287e58e96c1975885f0e3f.jpg'),
(204, 53, '2a1b2a34f4b064fed33d05c3d74618518046688ab60f0167b3c434c562fd070c6e7edff6a111a46242a9e3db659f408606dcff1d6634fd3eacfa999a.jpg'),
(205, 53, '87d2603179aeb04bf6cd581e7021c87bf3ba04214364dcd5d7207d772839b1b82766105e256550495d28c60bc04d975621b6e29258ad28ebbbbe78d7.jpg'),
(206, 53, '6f821450570e44466d60f77db147d7df0c1199775b42ad395be7040e6c9a0958732630818a7898375ba104848edb9476568af6df63290e40525c1d95.jpg'),
(207, 53, 'ced742aa90376128553444702e43bc5eb1a0a2f082e855c3be89a1085b983f1af9b31472c3956c1f192057009ff80e9c896cae0e410fbf61b78be796.jpg'),
(208, 53, 'eb3a6737a893905b9c540fe4dbdfad2415ca9e84cf811958240a133ea3f767019a1302387aa3abf13dd0f55a23122d77ee201f154f6be0ccfb64633e.jpg'),
(209, 54, '7df622e77cb870ffc89103ac749879805016190196b7208fe87a2494ca967ecf22b964a625ddeb0f3f04ed8f1b2ccbf8d09eba616df55ecfe96f8523.jpg'),
(210, 54, 'e4966996b72af8d4510a38058177541dccb60c031faa87c6631785ac3bd256e6f05e4e5dff49915e75ec03fe350ad4999af7d351665fa857ffcd26ec.jpg'),
(211, 54, '1977ddc9cc4ec172c146030889aaac1e4d3f544dc54a81a1d4429a0f57ce8e811a4b0493ddf5a3b662f62edbe85763a884a6cd436f97ed3dba56d236.jpg'),
(212, 54, '4036479ec685c3fcf6e1460141da91c9341613bcaaa6b34cf4d05990a061831d9d8ebbb3e0c8de1ef3d7a5ee77931821f96d006ef966c8fe3eb1ab15.jpg'),
(213, 54, '50ac4d99ea99a6cd5bda9e8967fd8194937f2dba2457b4b5427a42777a4d630ba9fe1d59856554e6eacd1489ac899c787678317015ad3a7a69325214.jpg'),
(214, 55, '4ada090e8b182c88c451b2dd001080c1b54329ba82f307202c19abdb9a8fb179be9429c34140326da82635f5b0e9183e96ec21563545f21dc307089a.jpg'),
(215, 55, '4fbd43d64e307eca4b9575f52db64326107503a2aca4d8ec174b90c30fa863eef59fa893dc85d52b1e190b4064c7fca30775d60fd191e401f975a2d1.jpg'),
(216, 55, '6a4246f0f36c7d0d82ae58dab0c8e83103c95b08015fb011cffde2184d3f79f6d759e8e138bd9ea79c366929acfbb32d63ed9dd22d80685e8bf6c601.jpg'),
(217, 55, 'fc8e0a82cfbdbc643e18e1047edbb6b99be598ce0d0bfb71db2828052bc212d9c11760a5368c8403806b609bf9fbe34aab78836cb37c72f0257be431.jpg'),
(218, 55, '745150805bcdfcd5d55b562d55167c1854b1c1deb35dba06c2c7b4380253660913bf5a407fc732e7a3a41bb4f690d419311f061c8a26f5f2e05f5fb2.jpg'),
(219, 56, 'f838f8dd753b6e4686aa8f263f9a27c8edda9ec8340438d8bd827579cfcc91e8a6e9c21973b4f171bc73d3dc79a5e13d26bb4fbe26749728714bc138.jpg'),
(220, 56, '185f436d45b3ec60e9d193360760ed935b5913e68af4a81e6b995dc25af9326dad3192261c7adf557d2b35052b01b106a0dc043f68b12efe19dd623b.jpg'),
(221, 56, 'daa12fa0468f0ad6a7356e3f1662de7238584161cd7640816cb1548e520ae19e428dc767f6d633470f15c904f603fd5e4e96c15168ad1ccdc3139d9d.jpg'),
(222, 56, '26d8c41c41df141cb302569fd58d838a574f5dee89e4833e98224f49409039bde0353f4e8c7fcf796340c358e825e1cbab338c4070068c626a5aaffa.jpg'),
(223, 56, 'fd06d9311ccac677beada07c24dc63d2a9dffcb6a68f59be904f735a2a411cece3d3a3ceb4e72662b67371c0844d3a1c4ababbbec1053ffdd4195609.jpg'),
(224, 57, 'd1ebc86bebea565d8e59a7b142972e75d8d6c24a8ce724278241ac5291a79840dd0704f4345bb596907f35792523e61d720fdb2bd13442e073ccdbc4.jpg'),
(225, 57, 'f8c2281f4680d695f77c84b505cf5b4a50b80d94322f61b390971307744f9300982a5f09fef24480815d8c27e1700675becfb95957696b4a2fee8b61.jpg'),
(226, 57, '4dd98e3310365396c113a2f5df2fff31f9a0849419a3f3980f0d8f678d5236ead6d88d81e276c4acbe4abb6a2a91a10b434f7abf299b1dd73d54720b.jpg'),
(227, 57, 'c8acd54eef7bf67e237dc4cf7206d99afd392ab0115eecee468c6a62550c3e7176ae9703b632a38c1b8f83c4f8366c0c31a17bf385a70ae40e337cbf.jpg'),
(228, 57, '2cf5c3d7607f8e22c09b41a42605237d7936021bcb1a0139b8853c1dfdf5f5a816ad7c43ba5fc350295858d8d7c6a977c8bee7701be7e4cb8436efee.jpg'),
(229, 58, '993d9dba57828ae0b83bca2f18788782e7a9d2227a8a90a54aa1e8c8f12f209a9fe345a051081c166bd63f6ddbaa83f6f5a560f512c3ecdd16026cd7.jpg'),
(230, 58, '646898acb32973410f555f924a96770e44e21ab0e2030e490fdcc6c45357bc08b248f11cda70ef528c6ddc075f121b1a496fa9717b460a0286bc288a.jpg'),
(231, 58, '191d736d5aa960a2f94bd17367880af50de6d8d36c5bbefec9e29f2848f3c840e2405942a9578d0867a2d2dfff6769bdb4b181d9f11bca5947679c0e.jpg'),
(232, 58, 'd9a1a970f61bca3c071dfab1a4412dcc74d28d2f3e00343e17f3c2723efa775457e97bc29a737a4b7ad1313b3d581c1816ad1d0522c54e47180bdda2.jpg'),
(233, 58, '6ec5fd6c5099ce0ba1f381e1c27970bbdc5a9862dc4cd81f373df2a06a4236309f96ef152ea6d4be4d6eacfdafb1c28cf56c1784bd42ecf9b4ddff64.jpg'),
(234, 59, 'e0eabc6dd958aff8bc443e7b11ac3a6572022c971cad810b06dd3be33b4ded1c3d12858305400647a93249d425b3b4b15c9d299f095ab0ce95ef4a01.jpg'),
(235, 59, '3444bf8e315dbda01f99fa00002b4577bf595a8d20581abed3ce4887dadd8601d41e4266f94eb66f27b9e4f7e1b152ed5e8920005ff7ca7f823de1bf.jpg'),
(236, 59, '434c45aeefc1efbb03fd9d25cb3c5bdc45efe8e68c91ced76fbb079715533cb9eda61553f683ddd3f56280c4154be61e1801983bce2367a63735330c.jpg'),
(237, 59, '23e0055bd9a8db8af9c49c8d899f19f4779bc58b82c3b8f893dc449ec302648b601d5fc954c3042457d4cb177373a268aee8b281ee25de83104e47e9.jpg'),
(238, 59, 'dcd4a5d49afe92ab1a81f1f691d805fa0675bea4163ee40a0d0f85881fb67a9729b640ad79ebd755d7b90a4717a82321c2e47f7d7cf8a3417d6f69dd.jpg'),
(239, 60, '044f2d6a1e137a7ed02f71897f667fba737a7c4e33e988bfcc73fc78d66c555ad66ab79ade7d8c686045b44620806737505be8130ed7ccf323e53e5d.jpg'),
(240, 60, '4200501bbc31dcc14ab0f725a5bea70eeadf800d802a4fde5e65e15cc14aa4b8be7bc27b493fc2ac744ec764455389b5c8cb12d412dd2df33933ee32.jpg'),
(241, 60, '80006801806022a68abd27572c2b283ef8aee26ef85731eb6354592c2f53c1c8d96e6150dede8cdefe5d3844b0cb26f9c0007089d1495080f2b26ec3.jpg'),
(242, 60, 'fc1299bd512d09f78193802d546446fbb8c9fe93a187840a3a82f4cdfc1d97574db0429aa70e4701ed6c1b186d8906a78fcccdc640f7f12cb3c48508.jpg'),
(243, 60, '406c37b5eb5051be7b37e8f264ce53786d0d2282d41aa2e11b65742f823dcc81ff4250000abb0b7bce162d66e650a2c8d0b1c529ac5e78e073e7eca7.jpg'),
(244, 61, '115d68a479c7a2559ffa83b64c840f228334c5556fd918ea13e4e18f42d7d1a6469460253ec38c19024623ff8a145f8c97c3a735c89893f94fffbe8c.jpg'),
(245, 61, 'a06d9b6e54c0fda76b0b6dac3ad4d1ae868fd1dade992369f7720b433b40a73aaf42b404067d34a2409bdb4ec88d014404f63dd889a9b88925687530.jpg'),
(246, 61, '24bbd88753ff2b4f78b93b6c66c5325a5df240dcdad7c4cae8cde8adcdfbc6fd79c42afbde4e16cbce35e3b24833f086746ca446c5d82e509fd43b1e.jpg'),
(247, 61, '21552a15a1195fa1583bc6f8abb7390756a2c8346b4ffc9e2718d04a13429d0d8620602100d98cf91f1129033541461956e496de726247cffd24dcac.jpg'),
(248, 61, 'f67137a9f1ceb4ad0c31183cd879d0ae0484647fce2e7594d75270e6612ed4283e58cbc97946e991b6c7cc01dfa09c5eced20b465de88c26cd4af4d7.jpg'),
(249, 62, '1537482739cb484d846a9cb9b159d6c7c27733addefe09a0e3318a0b73240a7f32b2ad986ee9dc7b4a8d77d426eff929ff76dc731ed3e77dc1ad8a26.jpg'),
(250, 62, '2b29c86326b1ebda0d0b4556d76bdbd9b764dcc5c5b182694689b9f97b00562234aabae8ec507b96f310ecebea4610c378702ec4cbfdc382714efb08.jpg'),
(251, 62, 'a16de3ac182e1b1426e039bbfe2863b86ca4cc9ac2eca998e4c581074087aec82fe15180d990c9579d41da5290d640cc45c597ddfb994999569608a0.jpg'),
(252, 62, 'a463d4528883fc126e105be5091c706b086a0a3ffe862683c55249e55cbaaadaa824c9e5a88c6a2cb43e97b9bf47295d15eac14a0abf62df00d7bc65.jpg'),
(253, 62, 'a19bb89c99e7182a9a4b79105ac2b240b607fb1c6c45a44319d97aeb4cd456147d686bbc5db055fb2a285d44e7b80618a1d08a0edf3be60501c87483.jpg'),
(254, 63, 'a5855c3c552087093613994264fa85aa186a87eb3f123a4c2d3c8da80aafd5738656a3030bff5262bf1216e3459b75f9f8288233c718d7cd8b02acc5.jpg'),
(255, 63, 'f09f37a2841263a97efb655accd1de00721172b20c0ecbcf9a6a52071d3f2967a8e4c8c2b3f4bf62ce047a82060f74d72c227f00f8b288db26ff4e0c.jpg'),
(256, 63, '7d27f7a8c484a00b95c5a932b6ea8345883f99d9bc27d0a18e86e0efb06f2e6939934c22fb17f403f41f99da2e1179a68919968a1987a3b5120b5df8.jpg'),
(257, 63, 'dcec2841c13bd930001dc0e5acbc5c1cf9ef9e6973a9a6386157ac0afee0e2f9814aee1ffa284420b33ac7a8a568e990cff5d864596e65daa00a2648.jpg'),
(258, 63, '09cb6cad7d43901a4f3addbe1cc9e12be4aeadd7efb331ebddb128db95692cce7435f5052097aa759c4f55f6ceb8a60555b1cdf9464cdd61d4d0cff2.jpg'),
(259, 64, 'b8831921e398232dea1ed86274b0669a1eba42df1739e863a12c109d5d98348846f4811f8b0211c846b4ee584722513c5daee30927dbca6fafa43c39.jpg'),
(260, 64, 'bb998c9873f70df6dd253f64bfa4f550caa8174e70a218946ada30130108b82f54a9138d50f0b24c0ce30f5819b019a073fe80fa253babde0473d521.jpg'),
(261, 64, '28fe6a0ddff289e64a208db4befcd7074c7457988d5221551d51ad5102dff87c6e1addaf6acc3423b0902985f8525bde0264a33b996ba81c23db3ee2.jpg'),
(262, 64, '7a853d0d5e1daec710e1e89d747c232e864ed4e916b6c5c97546ce15f4806cc5e34622233cdc312fd4d2063bb81aac6c0f24fec1f54432aa6434268a.jpg'),
(263, 64, '3db7d5bdaa6d48026c6e158af973e4f649e2cbcf5ee6cdfbee02c60380a0a67b89af5190eaa1e60e59073d6475f7dee95df6cc6c12aa23b68d3b5687.jpg'),
(264, 65, 'a51b49c3855607139d2cbe935c78d8acb734e6e3442df6035574f95556251bc451f6578c6c3464fdb290c3a7790462d04e3d3e150a34c338a7d8c0d6.jpg'),
(265, 65, 'c630fe6524381e3202b35d745d0bf27929cc96d6772752fbd206b1a047a265bf747407f1556d81e5bf5364e39ee31d954eb3c135910f96ca604cde3f.jpg'),
(266, 65, '6fa15ff0a7abd89c54e63d653c9f483380e8a62ecadac9816b023d46527f1ce0225066b6e6de92a94481a4aa4e0b970fc00eab1858c5bdef58990b0f.jpg'),
(267, 65, 'a2dd278397447a70315f256363c135bb99d6a935ce6c1834307720865d92a6089d1d7668d5f4d4484d325a99c3143f38679326f1b5004de4ea92e0d1.jpg'),
(268, 65, 'db84f6898cc66b95cd0db8b08fc8741c2796a42109a50cdda7440e1b9a5e31d1aac129b2ea2f724537e55d8185dd8291c63b9a72472b0cb134106739.jpg'),
(269, 66, '147b95cbf56efc1c83f653d5633f9c262a92938c49dac15da1628f996aea5e3817e758d769b702a5b0e38c3c88c093737892c36c2df6425ff1201113.jpg'),
(270, 66, '75057492a10e37feac631abfbbefe7bd03dad19a72b11b5d43b8f13c62921e6ac3b1883ae7773183d27d68a99feba02e0653bde8d9705609dc00767f.jpg'),
(271, 66, '907476646be61defbd0adaf969862652738ca0b682eff427bb077cee2c44b919ffe4435aafb3fe62cfb85399e2637cd8e314d924edfa43fe11995664.jpg'),
(272, 66, 'd6a71533772b1273ff51a7aec24f9c7857652fa763ba0658eeb83484f13fa37d3c2cb7c2051df8b7d838a8164093221a802a866607fbcdd9743d5e63.jpg'),
(273, 66, '42151c92ef7bcd88d50985dd3df30a1b8ce5a7439b3d2fa7b2bd51b8dc0ef67e765e41f8f99e66832adec5cb2391e377de15a40696b76cf74d82e43c.jpg'),
(274, 67, '532ef09f46642564cd6c1bc926527ad4016d7347c2bd12004286470683eb08bbcda80626264040359d4af00530a0400323da87478e08b871137581d9.jpg'),
(275, 67, '86295ce4456e78124e07b8e59b986a04d7546010191a3d228d3e5d5bb4734b9b952d29ff267dc2077d5beb46da5e919b988a259c137e1c4cc5aff4c0.jpg'),
(276, 67, '04160d888a33b8fddb8eae61987d0e811d2361afafd73030cec79443b62a9b20148cf55525bbdec032781a83af2cfde03cab311387e99287d5faf8d5.jpg'),
(277, 67, '21b555477a38ddff0c77a2179c2d23278a73c0b4b6aed762c544357c47c3f2243389510953067504b789c3bbf1f1b855b2f82887ad237ed64045539e.jpg'),
(278, 67, '8937b4e85055c25cf39eaa7ba164e7e6bde4d4f478c7d6483e0aea784ab5322592bb38fb7a066042242beaef6b80adec04c8097ccae73550b81af685.jpg'),
(279, 68, 'ed103de5e177265e624c312a419cf9440ff78169c5b4a00b359e1cf305cab64831e70b62eeb7597d4f195a599dca870378c42584ad97bc88e32aab32.jpg'),
(280, 68, '51a5ebaf2f2da04b220da784f237d42b050954b039afd6247a3189a7dcb806b80ef04d26c805f1d43d5681f015b01ba3aefdb5cb5caa11ab038e03e6.jpg'),
(281, 68, 'fee3851d6565a1f0fa658c01c3cb272066d37794626984b051e837cf10f177736ca93c6947ac1aa64a89b0216bb1ec0244f913ef6142959b1213a3d4.jpg'),
(282, 68, '076faa7c013686468150c6dc740ad2179b60ac200daa4abd65ef9676e2b6b494bf7cf2a4d7c0ec802c1afabccb6539487ef3d43bce91fef5880fdf6c.jpg'),
(283, 68, '95344c2d9708452908d5153234cb6f75c371b8707afd32815e828c5dee179467b704c5d0e236ea4e7fcbce3489296daff15fe388e17655f346bb2e93.jpg'),
(284, 69, 'bcb0c8c4993c8ddb2457bcc0a694854e433acaf17e58eb5081730f1be6a16d99777cd1f08aa9cad0ea5e40a1e946878afe777e002683d61474003eff.jpg'),
(285, 69, '91e62b382d1a0effc4183a00153a7ddc1cbe0d240fbb47501728e2c1609d31948e7c26a2068fd319e60db049179826e67c08e2c39bb972d5131f63f1.jpg'),
(286, 69, '6c3f807934e66e141f8d8f9a9d4f21956c73871b25507f216f7ed71cb883298d422c5d572e6b2b4a6bbac4096168c55a07ac3e22207c6d4b03b83d67.jpg'),
(287, 69, '2b6a4b3a865cdcce5ebd40be9ba8459884810914010bb95bd667dfb37e0b5f7d276b1df93703f09cf99acc776fe7aa9d7941cc38dfb27aab7bc00924.jpg'),
(288, 69, 'e4e8f2f55094d6f24cd97d656bad2eae28290d9c30ab08f031904a490c72735e4a01154f05799e40819b0d42cae225625829d228d49dc328e8589212.jpg'),
(289, 70, 'b0973ac5f2bc726faec4dafbb7c43ea52481d2e72a13fa946b1e101346fc4db11212850bbdb0cf298b35a2ca4ea1d29aa280f19ac69e8f6c52430c80.jpg'),
(290, 70, '8caa91b4a8ea607494f6f5a95e744a1f933112656d3292ed6957fa7e51e3053aa3e1726b35c7f0e29d77e3334ebc3401138e320aa6c14ccd29c49d92.jpg'),
(291, 70, '36004ed593e919bdaa7c4a4b74a76178f0f022aa652abaa250d13da8b53080b8bc16d5245dcd92c1a691801c70ed92980294a7daf51e4ee9406bc34b.jpg'),
(292, 70, '7c176185fd4755d8ddc6dc6c7a03dccb6544cf6d5185ddd696e3a757749fde5e547b0490c5d65dc96d40302c8da3225578d957d58a8fa7a285c88d60.jpg'),
(293, 70, '8873e92e35302dc322f52bf2412a35ed57a76c1a5e21d65f92ba2029ae61688e6fe7f76dc87eb23f4e9a78e45d3406649a4ed28f2054a991ef468b7b.jpg'),
(294, 71, '41816a1fee35b782864773cb7060bdfd222e89bb16259b2113eed77396bb0aab9e13a8d139d17da89518805fb6e9589c086bdc76a14f804d1239ee06.jpg'),
(295, 71, '725716fbf35a684b75a134963e8b5aa51881862ab2b197b7e1b2aa4a48d4a401436ba05606b1aaf646a11864677465597d611b1231d5c080976d995d.jpg'),
(296, 71, 'e6f59a87a23572e029fd94661bc28704bd180bbfa6744bbacfe13ae4e28a74dbb7e1bc07986d0fb6b709442a56855cf48939f81cf338e68c8386afcc.jpg'),
(297, 71, 'bd4b3fe5405b61939df0de03fb5fb5758b728db1f32565dc8eddde4152bab50c86ecabfdab45f7bdbcfc1f642d406f897ca20eb632fb6127982c90ed.jpg'),
(298, 71, '8b286afa972521f2f894a3518e224bb045450c9890ee8341141917cbf1787716333b8bb1b4272b67872765db1e81108a0924540b56affc4bf838f23b.jpg'),
(299, 72, 'e850e599fd6b83930596e0d3ad081ddb987564162213581c643a7db2d8b406337e679415f9c174327b596f65ce47f730c81d2d1d863b874b79d561e4.jpg'),
(300, 72, '6963b41ffd47054012627a080e9cde3e73f0270ff991347a8864f51f3be52f0f69ccfc2e2b6f9be15d7c19c884bd3d5a848025f526b14bfea20d56f8.jpg'),
(301, 72, 'a300b0e213016e536926f12dfdb5a1bf47a77df4a209b75d7974217fa272b636ba6c22da7f425513e4b15f0b6589258b27e529aa8b0bfcae66c720fb.jpg'),
(302, 72, 'c3a695288d618de1d67244da78a466551da0d47e17f7c794976a9a08ed5d76e719257dcd664282ea9d9acdef2a143c36fc791fd59ac0e05e331e3635.jpg'),
(303, 72, '153ad85c9be86093236e60a1a4db0eb8a5fe37e39c6fc42008067e2e3f62669186db48d9ece7102863f469423156b7bc106647e6451f3a9748c5496a.jpg'),
(304, 73, 'a0f2524d325580841dc9eab39f47dd5073ee765d2ef9485ccc2abac2e21eae4ace9531bae668bfed83f09a8b91252b5f688a0dccceb12b0168343358.jpg'),
(305, 73, '745c114609c9dc22b489485a839cc4e529edc2b613a55008f0cf96cb9d04194245aee5608d9ab5a39d9072464db370487c76142ee20010a341b2cc29.jpg'),
(306, 73, 'fee5f4839571604d2508e2c417d32582241f5983d719b31dc9638d3765049757a0b4372d06f7ed0c9b3d77d136788cdf886e59561757ea586eca0438.jpg'),
(307, 73, 'd267fdeabb8c44cd4ab29132e74ba95459c859b2f24b32eee3077c15ac553ab6d53e43c798f5ea06757ae5a0a523c2c42240d7335292871eae5a205d.jpg'),
(308, 73, '7995d6568a7fbd9a3d4f481fb2c6ffb4166d792679f884c2ac240bc11132f71f1ab1fca00bf05c2284b9304a197285550e5c6b276bdd366a13760dca.jpg'),
(309, 74, '36981c5aaf4f6498280a875dd01062b6509c3b129c306c38c85a8bea549d260c4d18ec051c793d1da7e0bf80a271ce08b639f2fc4d456ef25cc95b86.jpg'),
(310, 74, '24635afaf7c22a7b341c1c66781c808ced157c21f452512bf7b9e0b213947e08a95d119610f89cdd572f9c8b59754d2adb7d56963428781e5bf93e4f.jpg'),
(311, 74, '0f5ec0ccf29b5cea037ac2779edf2d304910d88a490e64f310c767250dd7fba6a029424595cf3105253e51c5811e7e868733f89e26c892ba2cfa74a1.jpg'),
(312, 74, '29046a2053fd52528b97964f2b7d3f8376a5d3a6c24ab7d258f58f00a79c9c7755605a685c6d9559685cbf263c4f82897d25161a0778cc09552349ef.jpg'),
(313, 74, '2fbb8d6d9f248eacae3e90de13431af3d831bfc16240667ea6cd4d220f2269435168fd94b0c0c9511a6e130e61d355f707ccbe9b5a03954f5d2de5cf.jpg'),
(314, 75, '5221ea394e17cb291149e0da57880e2000ebfd3fa85023e16b5771fdc4b51e036bc22dece7545bd35912feeb6d749bb9c5f8048ac8782c592f3b172f.jpg'),
(315, 75, '0cdcfc3b50c3a5d3758e94f1ee86f89f68d7b155a19330fd2514ab9bf643a2810a912311e6e55f715b774ed3d6405b82363f1ab6047e880c090c1071.jpg'),
(316, 75, '15e1f5575efd15f231dc6f1ce6f958cc57fc181a9c6189318efd7c87cf1ecc3dbd04e22de46bd3d4dc2dbd26e5df5c52d9f0a4d7f32a6eadce6d30f5.jpg'),
(317, 75, 'c8237da3ddc8fe20bc2eba35d5ef9be69f15ef9b1b5ddb4ef0e19c910d0b7e170d9b33e0f3ba2d40bbd6da83844fc71805a873be8fb87edaf7348076.jpg'),
(318, 75, 'cdef4dff4e47eca8c3916ef2630b3855f94f3109e458b546f3bec82b4ec51ead1e9bffc4fb6ff4cfa4f75afe31788b8fcd30f52f7da79d6bfe9963bd.jpg'),
(319, 76, 'dcca3291095e2cb1e73ce4aa0bb2254b531c0ae4f509505c7b1250f454b06072a20ac43c6aeeda1fe58124b9bcb977ef1f6ea7795cc8e20a56a3fab3.jpg'),
(320, 76, 'ac1bf4a30403def67ba56f6d459c79413e9fa69cf8d4248d029ac44db5569e4c7d317ce1084ea936ad58188b6f6a6560199508726fb37f3574368c3d.jpg'),
(321, 76, '2f8f071bd467b410dde99efc5bf039c28af96dbdef6e9749412a56ae531e3ccd7d7a9e76cf6ce9fd764ca39206ca2866753748d5c61a862a6218321a.jpg'),
(322, 76, '184ef1ad3d0f38e341bfac09f587bef8b4e62bebc3f3261b0598c03113ad4aa975435910ef998b8faea4fc9f63d30ff5e5afc28388f0e5cc87f4e54a.jpg'),
(323, 76, '4e20832c2331b46cfd117629435881c667650cdbab39ec07f5db10cc15eb2ed207cdddd05f643782eb1b9dc1d59faa6e7010d3c81a3c1ae3534a9734.jpg'),
(324, 77, '0de8370b120bb98d7adb3cad689da8e38cba54af86192fee3b9d01431d15bbdd4ab30c2ed3cc81f3fca056180a519eea7573f6d34f6d12ac8a94607c.jpg'),
(325, 77, '562bbc072fb02e05da339305fe28254686deb924bd9a663147e3391612f008a04d08e63a7c79610e0e45ba6d6bc92125a2f59649a5c279bddb64877d.jpg'),
(326, 77, '9d0825c54eebdd9fbf7160128839782d18f764e2002ed454683f055b3cb4d0c293d00ca8acd58f6c1a4e51fa6b88e704d44bc53f94da4426751f6775.jpg'),
(327, 77, '9639778b49160c579c3389a1df04245ec0e6b032e3f3306875d62f0a4f40fe2ce950ac4085181576ebe883f32bc7e5078376cdebedd9688398861e40.jpg'),
(328, 77, '2e6af805bb0f1b1ec0009c2c4b2b5211b72210909d61fc19244013be031c8d015a068f2b1481bd5f44db69c662aed89ae227b40788289ac0fd280866.jpg'),
(329, 78, '0de6f844abc5160347944640d05f34074b71c427ede670c4c8ca5757a4ec0e7bd06c6a5e0a8289126c11236fe055b24c5baa0c187a515b439f2ab7cb.jpg'),
(330, 78, 'b8b36bb2c7b4978faeebcd4a53fca051ed90a64beaf2dd690348f07864a5cd1a0d162e585644718f34e22349d86b31338ba3b96da254a6e1f38015b5.jpg'),
(331, 78, '32b20277296805f081b6294b659fcf47589d595906204487be0180354aaf4fb5c08039a97de23deaef9abfb5ef2459bf3bea0c1d623ae7f8c9788349.jpg'),
(332, 78, '71a99db6a7933d95fb7d812673bbbd67562018928dee39d6eac7f37db2255c563f25642e04f605e258f82d4796467e3ccf59f106595eb195e22cf557.jpg'),
(333, 78, '85b717d7b4197055dd5ec1d4ccbbccebe8b582b82d82f69d0d25384892142e851163bb0537507c8169de44b2b23c027d462b5ce0f7ffe0db0bf36e07.jpg'),
(334, 79, 'b47501eaf2fbdab0f851b21bb9845a272ed50f5c034d144603fb73774c19f0ae355e1b0704031962dfc5f6eac3e3ad4d3f273243663f2c6fd660c7de.jpg'),
(335, 79, 'ecfd7f6446e7234b50d71384c40177b60b00d22fbd6d75bf28fbbbeabed33c819ce9c42f57d75a4335e70c33212fb18201e1d1d1bbbb74bcc6daa972.jpg'),
(336, 79, 'b6ad3957a5658ffb06229796ebc4a3c95af5bf9e0f78287c1e195d67b1f63a477910978a59fb7a2e33d76f19c367640767deb11b9073c2c32fd575e6.jpg'),
(337, 79, '68ca6a95df0230ab43bd42b46f80f6f6825d31eb8940b8d8c7f6652671051f944414222255751ba4490925cf1654c2185a57463a759d402d3c2d6ec6.jpg'),
(338, 79, 'b61a6d87ce263003cbe4a1e4ef32013f6d7f5016b34cb123508e373c6dd6da92514f53305082135241ad11c9ea36305488f3cf83fca06c2107f5d03f.jpg'),
(339, 80, '19b490564adb2c3f9204239e5ce0a7e83c03e080170c85b6e4e08bcc3d4ccc4ee7b32eed0820e96de40cf928a8638c5359783ebe5436635498ead0fb.jpg'),
(340, 80, 'f46e39f80c79b6f288a039d037d2c3e4b99dbccd2a218d331b27be45e553e3ba27d6ed32965fbc6d56139639098e0a3cc0a3dee373915c20d2d056aa.jpg'),
(341, 80, '5fbc064bc15bd713a8ab1252db96088868a191e82cdb18384ec5892844789627a37f50d569ca862462394bdae5f93f9fcffa1d7414fc2437d1ed9f53.jpg'),
(342, 80, 'fad023c99a68161982d3b4df89108936aac15774f0e8a2521f8e4aa9c8ffc9e3c9d228070a0864500a4130664591d05ed20e75476f19aeb85dd23e51.jpg'),
(343, 80, 'd299ed783e687af434065a0a9c04b8e23b9d08e68ed81aa8e9bc4591908e9d2103b943650c9433eb21a809170b8ea440ff2528ee1accd8f189915299.jpg'),
(344, 81, '35c8427afda50eec4e4974db18c845ef23d442e9e33235a7a22bf5593e6060511417b8fc0ec0bb2d6157a9fce6d04d4029f80d02866ecc61346962fe.jpg'),
(345, 81, '7aa445221c28f5eef68b3d7e3c7d76055b900801fc19333e374062a180c57db1bfdb195c0eda98746d595931592cb233447e89000eaa3c5351f76f3c.jpg'),
(346, 81, '08917bfc102de3c0c2a26d4f6afabdc2b8db05a9b884ad1b0b29650d727438abae16caeceaaac17906a6bc5d1ae7ece463da384f513bd55fb434f79b.jpg'),
(347, 81, '4aa6e6bedcaa13a08b59031068bf675bfbea6575d9ac43e1934b851b755f5b74792ffe6cc6c46760d0beea445b1a73c07159490e94cf18ae6e00b370.jpg'),
(348, 81, '36cec9dcacb5b703be27a5d6ea238aacb88f9d80e04615fa5463572955c06e8430d05cbcfe995d28becf94043c501da0f66da2920df1014b42dda952.jpg'),
(349, 82, 'e81a03ea86da737b71395ebddc4dda50c5c2d55bd8fd5cb644449788873d003299f35c21c32ba8a76debf8553c348b4d3df38ba5b3f15cf357770cb7.jpg'),
(350, 82, '7a4d7a8b70c764baeb135897cfdf9ba20373c1eabde34ab66fdee9fc75e2a3669a91b3068ac7384f596229a7958230dda267f04bcb16f812780cb129.jpg'),
(351, 82, '05cdecd54c42cc9d78e2e5b3609c09008f113796e18e107bd6c1113d9dbf36a08095d88f8291a8552a4b544331846bdfe5f4c195763b0983d6abd64e.jpg'),
(352, 82, '8a8fa4f60051097017bee68c2c5080b155068cde5f899c87a36d5d64c37895b403bf4aa8fd821267fe3a69d607fb286a77e4d2919ac2c024d6825920.jpg'),
(353, 82, '3c777f49d70f022fc49f8d13e1a70e5382ea140539aef7da4fbf0ca420c6472754a61c436b6f9743d50da177ae4a0070997b709bc0c50775fed73e76.jpg'),
(354, 83, 'df2c3e479d55d9e912f1ee9d954ada3acfd9d8d5268e0fe9e0416a0bb9aa9e77231d52dee0cb9633bf6178dfabe7ae2015ebbe12be6ea3617febd907.jpg'),
(355, 83, '77972e70219ad63c017fcfda343b3c0076aaadfe5fe45b922622fa62485ada1464377186b5c75b0b4a8495d00ec15e0ab2cbdcf15645510c67cb9d00.jpg'),
(356, 83, '1973a03cbf333f1558123664f69bc2d54ee61aea33df8df55aa3f42647fea00b5520b31eefd56ec592bc695ee4eda47da4a7de16c84e2d631de88844.jpg'),
(357, 83, '72e8f70108c61159676a11568960b43f5853a132c0355951a14e401dbec833f66a30e4f7666a4e0ac87a0a14f9039ca1b23d143f1b718aaea3484d17.jpg'),
(358, 83, '436e976c2c9e7038e7b157fef04d23f29fcbf6adfd8bec09798f0982d145a84d1b1221c3e256dc8ad35fee07946c7298880ab8832a5745531885b10e.jpg'),
(359, 84, 'c6fdcd4cbbf72d2e0b6b7beed7db0f51540baeb38252e79216bdc9c828a50378510d325555f1c38f43cc38a7894916eac7167eb2e0957532c9b4d357.jpg'),
(360, 84, 'ff6e4ef8d3cb9bf2bbd55e5c98456dcbfe89d21628cbf5b571e60478a6bedafc2933cf29749de5fb7d07ec9b9733e7eda37ebae244c0f7e71decd0c6.jpg'),
(361, 84, '869cb81018de4613007fc76ce53df2f5d055b654e453bd53b5204574e7952970054cfe488c5c8d2b6ee643e6fa759c59084361e7b225dd2acf026879.jpg'),
(362, 84, 'e477686769b9499eee01bd8f3ac63a68b8ad4950e45c3657c91cfb4acabd1eb7053d46ad9c2ea83015008051bb7d15f1aee9b191e6215cccbd19cce8.jpg'),
(363, 84, 'f010650c9855ede7674986fb808c1c2ff7de2fcb29f7c6267e6e3680f5bd1b8011e5388e91fbc325f23a7168d170f496b41c7d86c4308a506ffe031c.jpg'),
(364, 85, '508309dc1ff48afa0d315f51935d7d0e72c79fe9c396cece8c0e93e10de7aa013cc3e6dae04a3d3cdbba575e1e1ebb13e7f83b7467bd3f27749ece5e.jpg'),
(365, 85, '0e4a257f2ec53a4d63d97b3aed89831ab54529cd587f54d1c229c3c9ea3ed979d9df94e25a68231236cdd6c3418f07107b09530e20a460ab0d27b38a.jpg'),
(366, 85, '622d4ab6a701fd6ff52f248c64aec24bde1ac0b607ae2b612bd0939c3de0a5e696dbeafc7b709d36f89c39f2e4c6e5937839f4f2aead9f7d68bd8d54.jpg'),
(367, 85, '26bffe7e7a626af30efabaf535f7c0f71ed805ada0dec9b8a0dd7be1c8373e89eee30e18661b51e676e474dbdf8383153c369c9422490eaf2ac2ea1e.jpg'),
(368, 85, '9b6d596c46c64d1412dd390ac6b1f9fd408182699327fbb786f7df45b9e9ab892849012ba1fb6f07f6bd3b29236224a421da045e8572488128e82e01.jpg'),
(369, 86, '6579fccf54271b54875fe9e7f0006c0bdb4cdab021278317abb3a7c613bc474a9263aa512746df2564b28ea35fc8c00c443141dbfb7ac4431a312a62.jpg'),
(370, 86, '069ea2e687868faaddff66b7c0e43e715fe05ae4e04d5fa9e7d988430cc104696422e1c59a8088924a07a23a7c1a35eab24161a0e8638153d7e6ba81.jpg'),
(371, 86, '8353dd8e346914770376afe7ead7eaa4d4a9291457994103681577cfa4e7681277ca27800a2a1eec698c7a6aa6bb556e8dba876f4c51ed5ded0ed6a0.jpg'),
(372, 86, 'd538b2cf7a38af7034e38cb25136fb5b62fd52b6e92258ea7388696b0fe1210aa4f3203603101d70d89b2f92a0d93023415df6cb711f6218ba1570f7.jpg'),
(373, 86, 'ac15f7c922c28d21f1729f2dee88a4daf93554c92467c32e40469758f4c2aa0dcfa620475d867fde9a18bc2a4e7be4e01154c2dfe89661d754494049.jpg'),
(374, 87, 'e8ec795972c9aa1c215663aa878ca5164aa8cf50b084128e6a03e0f97ba07c4fffd013cf3208852f30c28c2045fc9758ebe2f3fed4e5e16959f5bdc6.jpg'),
(375, 87, 'd1c6185c774ab510ec6c1cf94ac3abac6b5262903d5dc693fa3c271bf0526695a8328c044634ec550af89eea5567c29a4f86ad1ad22849b55966b548.jpg'),
(376, 87, 'f21bb243957716cdd73aa2c6803478228841544154b130c48034fe6fda88e47ad424ef51ffc33f828107bf40a80978886de93ddb14a03365155821d1.jpg'),
(377, 87, '7248549af553c16ecfe443a1d06b0837552ddcb90a5a82407a6a03e3ddfe739c8ad9a8b8ba4a11a8c892c420922976f3f3755bb697cf3c4e060c353b.jpg'),
(378, 87, '389b89e3f12f1d2ac670d07abe6998a6a92b8e84eb9bccbdbd6b1cb01a093744fdec71e8eeba4f9402a67f5c7358ec8fd119d7758e7b9d0da35af6da.jpg'),
(379, 88, 'c517c8f866e78f6e7978bba10df4030413ff1544d06dcec198410ad305b87613c281c2ef15326679f2d230f429359f7544eb1f8810b5876a2578153c.jpg'),
(380, 88, '25d1f68e8984591c2c45f5bd8b31204f09615408d4e42cd3db0bbde2bc864a4f45b85fb1459b7a68369e9d95e493a049bed4cca9800098c1795047a1.jpg'),
(381, 88, '10b3375fc4aab07d98d9990d863944d8a476f5dcd9bc6bea71a125ecd4556c7c25951be24be26d91c811b64180877db76b3103bbe97e47b34ded7ff3.jpg'),
(382, 88, '3e7c448966fcf0c9044e2cb92d35dcc11096b9d92c924c0841bb9f98d69a2f66c1caa606e9815fc9db289ec5e6096d903865a439c4203db6639d90ae.jpg'),
(383, 88, '24e5cdf3451dac173aaaaac3f2952ad2830e028b5ba6cd34aabc75a27401cb5bfa67b2fe3f5324ae3d1372d4c4f0b57855480c9517062fd6f913039e.jpg'),
(384, 89, '3c6982222cc3aaaa75eb326c5b5eda68b3fade94a717c28670b93e18e5f39705de4e17e6411006685ddd33a93017f34f726c55e6826cc8ab95b39534.jpg'),
(385, 89, '9bf09845e1e24ce3d1ad1d86e4d266aca2e565b61786f9dbec97fe520121eb1ceb59f17b43b7ca271fb944db3af1c3844ca4638d6c681eb14ec6a766.jpg'),
(386, 89, 'bd6b821742c9a980b75e0ab6f2ca46ed4382d2ca6261a6e81e3e57cfe6d6e2ca6d226318328f1a573030f0a7e362f4affcb5dfa90aabe209e029c9b5.jpg'),
(387, 89, 'e1bbac8f11902a73233788b1f13ca46da65c9f5725b570137d6165be32bb889503e9bb441e942c72fa9bf7f60f8ae51aee4efab5fe676b5e2fd0086e.jpg'),
(388, 89, '476e4511182ce4ef4b5536e9907aa8299a844e85bee286d4f589668b696d9bf37fab843708e9fa85f029ea6e69e483ed41f60923858e5e73d6d1a064.jpg'),
(389, 90, 'e7d2ec398641bbecaa3fad7c2d712415674cefa2ae77c89acf510f247241280e4dda1dbb9dfb4c8005f3bb1a39add81f3cc7674846f8d6c480687641.jpg'),
(390, 90, 'fce422fb0ac6c03a5998d67bbb9afa64abb8185fa44e74310eef8272ea10f9e2ca9849b041c355bfc492e1bb29fc33122ddcf40a323c29365d7a5d43.jpg'),
(391, 90, 'c03f7008d2a85e4b1a8471011f9b4cc11a0e04c82b97186f30be1a1a41e5af4dfd17be35b8ed3d25bb98469ff15ce28c7a43abbfb04015131b36a5d1.jpg'),
(392, 90, 'a947f96bb3219f21f17f78b6f124226d5b61017666a9778fb51c0a4065990aaed81e410bb4f1760f62969f64106bad7ba3a50cf41faf26bb360ef7a0.jpg'),
(393, 90, '7fe8d920a796ff92bbad435c7150ae6e1517c7159eb1db267709606edb9811ce1b29e19558f696253146ca798e20f5f75a42dbb6603f3deb4540433f.jpg'),
(394, 91, '0e2548b033589e55d5214708f8f2e5358a649e1e2c8fb813c1060c940ebdd68df4e7258b11db2677d5217f4a9871976fef176f877292487f440b34fd.jpg'),
(395, 91, '788dcbba8907ad3ea9273c06b45254b2eb1041cfb28b79a55617dd5dfd6ada9e4abd2e7cda56ba347d42d733f9ad8c9bbc9b29578df5fc4706f7c99d.jpg'),
(396, 91, '551175a376acb12192d7fa0468b748b1b1ca4350939f86c2aac514326b2bf12c0fa420849ea5d273e29e53ccd8648cff336913b7fa0785ba3ce60377.jpg'),
(397, 91, '22832effe048918cf3c0c75b8d6c2745f1187693e15804cc57bc1b60a37e81b0ac1de06926dd42689d33259bbf606adb8c0101b716372ff666079c98.jpg'),
(398, 91, '912e7b7adc671dfd248d4cc9e1e77b8e8bbd194596d0f248b99dd8d43d1b8b6690d27a8ddab1686d0163f5d66a28db276f07fab345954e53aad04d5d.jpg'),
(399, 92, '57c1c497331856e9ab9c9a54044639e6b126be9443164d392af2deb3446efaacc874a84dd518277b0f2766e590add6d520ae929d562ff1b8de3e6ab3.jpg'),
(400, 92, 'b3ddecc74dc847af3ff06cd00dcf7eb01afef48d6142f66622f71aa0201aab8f702d05f6752e1b1cd302e44066f55c780a006077108aae7007fddc0d.jpg'),
(401, 92, '3d7f3a9d442e803499ffd22813970e6926f78ab5577c6f20eb988d08ae5b5c676d7fdd0b66f599b113d86bd34b603547d8af344de23069ad256304fe.jpg'),
(402, 92, '9f55c1b882a7231a924d8afe49c472d94fe055164d7449c1cd4ba33e2dacf209e525210d91083da9a6fade0b0fcf29948284a384559add69c2884093.jpg'),
(403, 92, 'a2b4ebabdead03fa37b35f6bc4185aac65f739db45cac93611aa953e9826e199f725338e4169353ecbe339a44f0bfcb4de6c73ad8b484b4938143785.jpg');

-- --------------------------------------------------------

--
-- Estrutura para tabela `mensagem`
--

CREATE TABLE `mensagem` (
  `ID_mensagem` int NOT NULL,
  `Conteudo` varchar(1200) COLLATE utf8mb4_general_ci NOT NULL,
  `DataHora` datetime NOT NULL DEFAULT CURRENT_TIMESTAMP,
  `ID_Remetente` int UNSIGNED NOT NULL,
  `ID_Destinatario` int UNSIGNED NOT NULL
) ENGINE=InnoDB DEFAULT CHARSET=utf8mb4 COLLATE=utf8mb4_general_ci;

-- --------------------------------------------------------

--
-- Estrutura para tabela `nivel_acesso`
--

CREATE TABLE `nivel_acesso` (
  `users_type` int UNSIGNED NOT NULL,
  `descricao` varchar(100) COLLATE utf8mb4_general_ci DEFAULT NULL
) ENGINE=InnoDB DEFAULT CHARSET=utf8mb4 COLLATE=utf8mb4_general_ci;

--
-- Despejando dados para a tabela `nivel_acesso`
--

INSERT INTO `nivel_acesso` (`users_type`, `descricao`) VALUES
(1, 'Usuário'),
(2, 'Funcionário');

-- --------------------------------------------------------

--
-- Estrutura para tabela `produtos`
--

CREATE TABLE `produtos` (
  `id` int NOT NULL,
  `titulo` varchar(255) COLLATE utf8mb4_general_ci NOT NULL,
  `subtitulo` varchar(255) COLLATE utf8mb4_general_ci DEFAULT NULL,
  `precoavista` decimal(10,2) NOT NULL,
  `precoparcelado` decimal(10,2) DEFAULT NULL,
  `nparcelas` int DEFAULT NULL,
  `categoria` enum('celulares','fones','capinhas','acessórios','produtos mais vendidos','tablets','carregadores','adaptadores','acessórios de jogos','microfones','nenhum') COLLATE utf8mb4_general_ci DEFAULT 'nenhum',
  `estoque` int NOT NULL,
  `descricao` text COLLATE utf8mb4_general_ci,
  `frete` tinyint(1) NOT NULL,
  `data_criacao` timestamp NOT NULL DEFAULT CURRENT_TIMESTAMP,
  `produtos_comprados` int DEFAULT NULL
) ENGINE=InnoDB DEFAULT CHARSET=utf8mb4 COLLATE=utf8mb4_general_ci;

--
-- Despejando dados para a tabela `produtos`
--

INSERT INTO `produtos` (`id`, `titulo`, `subtitulo`, `precoavista`, `precoparcelado`, `nparcelas`, `categoria`, `estoque`, `descricao`, `frete`, `data_criacao`, `produtos_comprados`) VALUES
(37, 'iPhone 13 Apple 128GB Preto Tela 6,1” 12MP iOS', 'Armazenamento interno: 64GB', 2600.00, 100.00, 10, 'celulares', 100, 'fdfd', 1, '2024-11-29 14:54:56', NULL),
(40, 'Cabo Usb-C-Lightning', 'Cabo Usb-C-Lightning', 60.00, 75.00, 12, 'carregadores', 450, '✅ Homologado pela ANATEL (Certificado: 20798-22-13363)\r\n✅ Carregamento excepcionalmente rápido: Alcança velocidades até 3 vezes superiores aos carregadores convencionais.\r\n✅ Design ultracompacto: Segue o padrão brasileiro de tomadas e é bivolt (110/220V), proporcionando carregamento eficiente.\r\n✅ Circuito inteligente: Evita o vício da bateria e permite um carregamento rápido e eficaz para dispositivos iPhone e iPad com conexão Lightning.\r\n✅ Compatibilidade ampla: Funciona com diversos modelos, incluindo iPhone 6 até os mais recentes, como iPhone 14 Pro Max.\r\n✅ Cabo Lightning reforçado: Áreas sensíveis do cabo são robustas, protegendo contra quebras e danos mecânicos.\r\n✅ Proteção avançada: Oferece segurança contra curto-circuito, sobreaquecimento e sobretensão, priorizando a integridade dos dispositivos.\r\n✅ Material contra incêndio: Fabricado com materiais seguros, o carregador é durável e confiável, proporcionando uma camada adicional de proteção.', 0, '2024-11-29 15:13:39', NULL),
(41, 'Celular', 'Moto G24', 1080.00, 100.00, 10, 'celulares', 15, 'Celular', 1, '2024-11-29 16:21:56', NULL),
(42, 'alexa', 'alexa', 1200.00, 100.00, 12, 'acessórios', 200, 'alexa', 1, '2024-11-29 16:39:04', NULL),
(43, 'Arcondicionado', 'Arcondicionado', 3000.00, 300.00, 10, 'produtos mais vendidos', 30000, '', 1, '2024-11-29 16:41:10', NULL),
(44, 'Apple iPhone 13 (128 GB)', 'Luz das estrelas', 3448.00, 340.00, 10, 'celulares', 20, 'Tela Super Retina XDR de 6,1 polegadas\r\nO modo cinematic adiciona profundidade de campo rasa e muda o foco automaticamente em seus vídeos\r\nSistema avançado de câmera dupla com câmeras Wide e Ultra Wide de 12MP; Estilos fotográficos, Smart HDR 4, modo noturno, gravação 4K Dolby Vision HDR', 1, '2024-11-29 16:43:45', NULL),
(45, 'iphone 16', 'Pro max', 12000.00, 100.00, 120, 'celulares', 3123, 'Celular', 1, '2024-11-29 16:45:28', NULL),
(46, 'Iphone 15', 'Plus', 4000.00, 400.00, 10, 'celulares', 1200, 'Celular', 1, '2024-11-29 16:47:01', NULL),
(47, 'Capa Anti Impactos ', ' Marca	FIT IT', 37.00, 10.00, 10, 'capinhas', 3, 'wsrfrfef', 1, '2024-11-29 16:47:50', NULL),
(48, 'Samsung', 'Galaxy 54', 2000.00, 200.00, 10, 'celulares', 30, 'Celular', 1, '2024-11-29 16:48:21', NULL),
(49, 'JBL, Fone de Ouvido in Ear', 'C50HI - Preto', 30.00, 40.00, 12, 'fones', 215, '\r\nControle de ruídos	‎Isolamento de som\r\nResposta de frequência	‎20 KHz\r\nSensibilidade	‎101 dB\r\nConector de fones de ouvido	‎Jack de 3,5 mm\r\nNome do modelo	‎JBLC50HIBLK\r\nTecnologia de conectividade	‎Com fio\r\nComponentes incluídos	‎FONE DE OUVIDO P2 3.5MM C50HI PRETO\r\nMaterial	‎Plástico\r\nAdequação do controle por rádio	‎Corrida, Chamada\r\nTema	‎Liso\r\nTipo de controle	‎Controle Remoto\r\nCaracterísticas do cabo	‎Sem emaranhado\r\nPeso do produto	‎13 Gramas\r\nFaixa de frequência	‎20Hz - 20kHz\r\nContagem de unidades	‎1 Unidade\r\nFabricante	‎JBL\r\nModelo	‎C50HI\r\nCertificação	‎Não aplicável\r\nAno	‎2021\r\nNúmero da peça	‎JBLC50HIBLK\r\nTipo Do Produto	‎Eletrônicos\r\nCaracterísticas especiais	‎Carregamento rápido, Leve, Microfone incluso\r\nNúmero de unidades	‎1\r\nFormato do microfone	‎Integrado\r\nTipo de amplificação do alto-falante	‎ativa\r\nEtiqueta Nacional de Eficiência Energética (ENCE)	‎A+\r\nTipo de fonte de energia	‎Não aplicável\r\nBaterias inclusas	‎Não\r\nFunciona com baterias	‎Não\r\nCaracterística de cabo ou fio	‎Sem emaranhado\r\nTipo de material	‎Plástico\r\nBateria recarregável	‎Sim\r\nTem temporizador?	‎Não\r\nCor correspondente	‎Preto\r\nConexões	‎Com fio\r\nDistância focal máxima	‎Jack de 3,5 mm\r\nGarantia do fabricante	‎1 ano\r\nPeso do produto	‎13 g\r\nNúmero do modelo	‎C50HI\r\nDimensões do produto	‎6 x 3 x 17,5 cm; 13 g', 0, '2024-11-29 16:48:34', NULL),
(50, 'Samsung', 'Galaxy 55', 3000.00, 300.00, 10, 'celulares', 10000, 'Celular', 1, '2024-11-29 16:49:39', NULL),
(51, 'Capa Capinha Case Premium Galaxy A55', 'Case Premium', 40.00, 20.00, 2, 'capinhas', 2, 'wdfdfeff', 1, '2024-11-29 16:49:50', NULL),
(52, 'JBL, Fone de Ouvido On ear', 'Tune 520BT - Preto', 199.00, 220.00, 5, 'fones', 123, 'JBL PURE BASS. O JBL Tune 520BT apresenta o renomado som JBL Pure Bass, o mesmo que toca nos locais mais famosos em todo o mundo.\r\nTECNOLOGIA BLUETOOTH. O JBL Tune 520BT apresenta o renomado som JBL Pure Bass, o mesmo que toca nos locais mais famosos em todo o mundo.\r\nUMA EXPERIÊNCIA AUDITIVA. Baixe o aplicativo gratuito JBL Headphones para personalizar o som de acordo com o seu gosto com o EQ. Os comandos de voz em seu idioma guiam você pelos recursos do Tune 520BT.\r\n57 HORAS DE BATERIA. Para diversão de longa duração, ouça sem fio por até 57 horas e recarregue a bateria em apenas 2 horas, com o conveniente cabo USB Tipo C.\r\nCHAMADA VIVA-VOZ. Controle facilmente o som e atenda suas chamadas com os convenientes botões em seu fone de ouvido. Ouça sua voz enquanto fala, com a ajuda do Voice Aware.', 0, '2024-11-29 16:50:23', NULL),
(53, 'Samsung', 'A 15', 1400.00, 140.00, 10, 'celulares', 213, 'Celular', 1, '2024-11-29 16:50:57', NULL),
(54, 'ZIPFORCE Fones De Ouvido', 'ws Sem Fio Bluetooth 5.3 Anc + Enc 4 Mics, Marfim', 349.00, 380.00, 6, 'fones', 321, 'CANCELAMENTO DE RUÍDO ATIVO INTELIGENTE: O cancelamento de ruído ativo inteligente se ajusta ao ambiente e aprende continuamente a melhor forma de cancelar ruídos, oferecendo a melhor experiência de áudio. Controle como você ouve o ruído externo com três modos de controle de ruído: ANC ligado, ANC desligado e transparência (passe por ruídos externos)\r\nRedução de ruído de chamada de 4 microfones e ENC: cada fone de ouvido tem 2 microfones embutidos, equipados com tecnologia de redução de ruído (ENC) que pode suprimir 80% do ruído de fundo interferente no ambiente de chamada, aprimora de forma inteligente a voz humana por meio dos quatro microfones, os fones de ouvido sem fio captam a voz com precisão e oferecem eficiência isolamento de ruído, alcançando chamadas de voz claras e sem perdas entre as duas partes, fazendo comunicação mais eficiente.\r\nBluetooth 5.3 e emparelhamento automático em uma etapa: A mais recente tecnologia Bluetooth 5.3 atinge menor latência. Ele oferece atrasos de áudio muito inferiores a 65 ms. O recurso reduz o número de desconexões dos fones de ouvido em ambientes complexos. Pegue o fone de ouvido do estojo de carregamento, selecione ZF Luna Plus no dispositivo bluetooth e acesse as configurações de bluetooth do telefone para emparelhar o fone de ouvido sem fio em apenas uma etapa, e o dispositivo emparelhado se conectará automaticamente na próxima vez que você o usar.\r\nDesign ergonômico: 45 graus no ouvido, sem dor de pressão no canal auditivo. O design ergonômico cria a experiência auditiva ideal. Fone de ouvido ultraleve de apenas 3,3 g com estojo de carregamento portátil supermini. O estojo de carregamento de bolso não ocupa espaço para carregar e você não terá nenhuma pressão ao usar os fones de ouvido ultraleves de 3,3 g. O design ergonômico oferece um ajuste confortável e seguro que não sai dos ouvidos, especialmente para esportes, exercícios e academia.\r\nCarregamento rápido/vida útil da bateria extremamente longa: basta carregar os fones de ouvido sem fio por 30 minutos para obter 5 horas de uso. Com o estojo de carregamento de alta capacidade, os fones de ouvido Bluetooth podem ser usados por 40 horas! Conheça suas longas viagens, reuniões de trabalho e estudos. Com as melhores funções e o design requintado, nossos fones de ouvido bluetooth são sua melhor escolha para presente.', 1, '2024-11-29 16:52:12', NULL),
(55, 'Capinha para celular Naruto - Jiraya e Gamakichi', 'Naruto', 40.00, 20.00, 2, 'capinhas', 3, 'sdsddf', 1, '2024-11-29 16:52:17', NULL),
(56, 'Samsung', 'S23', 5000.00, 500.00, 10, 'celulares', 12321, 'Celular', 1, '2024-11-29 16:52:32', NULL),
(57, 'Fones de Ouvido QCY MeloBuds Pro', 'Fone Bluetooth com Cancelamento de Ruído Ativo, Certificação Hi-Res, 34 Horas De Reprodução, Preto (Preto)', 237.00, 280.00, 10, 'fones', 456, '[Áudio de alta resolução e codec LDAC] - Equipado com certificação Hi-Res, o padrão do setor para áudio de alta qualidade, ele suporta uma faixa de frequência ultra-ampla de até 40 kHz, permitindo uma reprodução de som rica com detalhes naturais e sem perdas. Com o codec LDAC, a taxa de transferência pode chegar a 990 kbps e transferir conteúdo de informações três vezes mais do que outros codecs, como o SBC.\r\n[Tecnologia Hybrid ANC e seis microfones] - Possui cancelamento de ruído ativo híbrido que reduz o ruído em até 46 dB. A alternância livre entre os três modos (ANC / Transparência / Normal) com um botão permite que você entre em seu mundo particular mesmo com ruído ou se conecte ao ambiente. Três microfones (FF, FB e talk) com uma estrutura antirruído de vento captam com precisão as vozes humanas e reduzem o ruído ambiental.\r\n[34 horas de reprodução] Com o design de economia de energia, você pode reproduzir por mais de 8,5 horas contínuas apenas com os fones de ouvido e, junto com a caixa de carregamento, pode reproduzir por até 34 horas.\r\n[Bluetooth 5.3 e som aprimorado] - A mais recente tecnologia Bluetooth 5.3 garante uma transmissão rápida e uma conexão estável para manter sua música ativa. O driver embutido de 12 mm cria um campo sonoro aberto e oferece excelente análise. O som finamente ajustado torna os agudos claros e brilhantes, e os médios e graves suaves e ricos, permitindo um desempenho livre de vários estilos musicais.\r\n[Ajuste confortável] Vem com protetores de ouvido de silicone macio com design ergonômico e 3 tamanhos (S/M/L). Você pode fazer um ajuste preciso de acordo com o tamanho da sua orelha. Com excelente desempenho à prova d\'água IPX5, você pode curtir música com tranquilidade, mesmo que chova repentinamente durante o exercício.', 0, '2024-11-29 16:53:44', NULL),
(58, 'Tablet', 'Positivo', 1000.00, 100.00, 10, 'tablets', 1230, 'Tablet', 1, '2024-11-29 16:54:12', NULL),
(59, 'Capa Anti Impacto Gocase Modelo infinite ', 'Anti Impacto', 100.00, 10.00, 10, 'capinhas', 45, 'fddfgdgfdf', 1, '2024-11-29 16:54:22', NULL),
(60, 'Tablet VAIO ', 'TL10 8GB', 1000.00, 100.00, 10, 'tablets', 123, 'Tablet', 1, '2024-11-29 16:55:20', NULL),
(61, 'Capa Capinha Anti Impacto ', 'Anti impacto', 150.00, 15.00, 10, 'capinhas', 3, 'dfcd', 0, '2024-11-29 16:55:57', NULL),
(62, 'ZIPFORCE Fones De Ouvido', 'Ows Sem Fio Bluetooth 5.3 Enc 4 Microfones (Yellow)', 499.00, 530.00, 12, 'fones', 213, '\r\nTecnologia de comunicação sem fio	‎Bluetooth\r\nComponentes incluídos	‎Cabo\r\nMaterial	‎Plástico\r\nTipo de controle	‎Controle de ruído\r\nFabricante	‎ZIPFORCE\r\nModelo	‎ZF-565\r\nCertificação	‎Nao aplicavel\r\nNúmero da peça	‎ZF-565\r\nTipo Do Produto	‎Eletrônicos\r\nNúmero de unidades	‎1\r\nTecnologia de microfone	‎Omnidirecional\r\nTipo de fonte de energia	‎Alimentado por pilha\r\nBaterias inclusas	‎Sim\r\nFunciona com baterias	‎Sim\r\nComposição da pilha ou bateria	‎Polímero de lítio\r\nEntrada de usuário	‎Microfone\r\nTipo de material	‎Plástico\r\nBateria recarregável	‎Sim\r\nCor correspondente	‎Yellow\r\nConexões	‎Sem fio Bluetooth\r\nDistância focal máxima	‎USB tipo C\r\nGarantia do fabricante	‎2\r\nPeso do produto	‎0,5 g\r\nNúmero do modelo	‎ZF-565\r\nDimensões do produto	‎9 x 7,5 x 4,5 cm; 0,5 g', 1, '2024-11-29 16:56:09', NULL),
(63, 'Galaxy Tab ', 'S9 FE', 4000.00, 400.00, 10, 'tablets', 1234, 'Tablet', 1, '2024-11-29 16:57:28', NULL),
(64, 'SoundPEATS Wings2 Fones de Ouvido', 'Sem Fio Esportivos Bluetooth 5.3 Motorista 13mm IPX4 Modo de Jogo Semi-intra-auricular com Gancho de Orelha Suporte de Aplicativo para Esportes Total 30 Horas (preto)', 180.00, 230.00, 12, 'fones', 654, '𝐍𝐚𝐜𝐢𝐝𝐨𝐬 𝐩𝐚𝐫𝐚 𝐇𝐚𝐜𝐞𝐫 𝐄𝐣𝐞𝐫𝐜𝐢𝐜𝐢𝐨: Os Audifonos Wings2 são projetados com ganchos cómodos e de ajuste seguro que mantém os auriculares firmemente no seu lugar, inclusive quando corres, caminhas, andas em bicicleta ou andas em monopatín . O design exclusivo semi-in earbud, en comparación con los auriculares intrauditivos normais, é resistente ao sudor y cómodo de llevar durante mucho tempo.\r\n𝐒𝐨𝐧𝐢𝐝𝐨 𝐄𝐬𝐭é𝐫𝐞𝐨 𝐏𝐨𝐭𝐞𝐧𝐭𝐞: O driver dinâmico de 13 mm produz graves potentes e impactantes, e sons claros de faixa média e alta frequência, o que faz com que o áudio seja mais completo e imersivo. Para apresentar um som equilibrado e detalhado em uma ampliação gama de gêneros, desde rock y hip-hop até música clássica e jazz.\r\n𝐁𝐥𝐮𝐞𝐭𝐨𝐨𝐭𝐡 𝟓.𝟑: A tecnologia de vanguarda Bluetooth 5.3 permite conexões mais confiáveis ​​e estáveis, o que resulta em menos interferências e menos interrupções Admite dispositivos Bluetooth para IOS/Android/Windows.\r\n𝐃𝐮𝐫𝐚çã𝐨 𝐄𝐬𝐭𝐞𝐧𝐝𝐢𝐝𝐚 𝐝𝐚 𝐁𝐚𝐭𝐞𝐫𝐢𝐚; Com até 8 horas de tempo de reprodução de carga e um elegante estuche de carga, nossos auriculares oferecem um total de 30 horas de tempo de escuta. a música inalámbrica em qualquer momento e em qualquer lugar sem se preocupar com a duração da bateria.\r\n𝐋𝐚𝐭𝐞𝐧𝐜𝐢𝐚 𝐁𝐚𝐣𝐚 𝐝𝐞 𝟕𝟎 𝐦𝐬 𝐲 𝐂𝐨𝐧𝐭𝐫𝐨𝐥 𝐝𝐞 𝐀𝐩𝐥𝐢𝐜𝐚𝐜𝐢𝐨𝐧: O desempenho melhorado do chip e as otimizações algorítmicas reduzem efetivamente a latência do jogo, o que resulta em vídeo e som mais sincronizados Baixe o aplicativo SoundPEATS para personalizar sua própria experiência de áudio.', 0, '2024-11-29 16:58:00', NULL),
(65, 'Capa Capinha Air Anti Impacto', 'Air anti impacto', 17.00, 12.00, 1, 'capinhas', 2, 'ded', 1, '2024-11-29 16:58:21', NULL),
(66, 'Tab S9', ' Ultra Grafite', 2000.00, 200.00, 10, 'tablets', 231, 'Celular', 1, '2024-11-29 16:58:34', NULL),
(67, 'Galaxy Tab ', 'A9+ 5G', 1000.00, 100.00, 10, 'tablets', 123, 'Tablet', 1, '2024-11-29 17:00:38', NULL),
(68, 'BEARTAIN Fone de Ouvido XT60', 'Esportivo Bluetooth 5.3 Sem Fio TWS À Prova D\'água HiFi Com Cancelamento De Ruído Microfone Para LED Display- preto', 80.00, 100.00, 3, 'fones', 120, 'Tecnologia de conectividade	‎Sem fio\r\nTecnologia de comunicação sem fio	‎Bluetooth\r\nComponentes incluídos	‎Exibidor LED\r\nFaixa etária (descrição)	‎Adulto\r\nMaterial	‎Plástico\r\nUsos específicos do produto	‎Esporte\r\nAdequação do controle por rádio	‎Exercício\r\nCaracterísticas do cabo	‎Sem cabo\r\nNível de resistência à água	‎À prova d\'água\r\nTipo de embalagem	‎Embalagem Rígida e Cuscudada\r\nEstilo	‎Esportivo\r\nFabricante	‎BEARTAIN\r\nModelo	‎AG-XT60-black\r\nCertificação	‎Não aplicável\r\nNúmero da peça	‎NY\r\nTipo Do Produto	‎Eletrônicos\r\nCapacidade de armazenamento digital	‎1 GB\r\nBaterias inclusas	‎Sim\r\nFunciona com baterias	‎Sim\r\nCaracterística de cabo ou fio	‎Sem cabo\r\nTipo de material	‎Plástico\r\nContém líquido?	‎Não\r\nBateria recarregável	‎Sim\r\nCor correspondente	‎preto\r\nConexões	‎Sem fio Bluetooth\r\nPeso do produto	‎25 g\r\nNúmero do modelo	‎AG-XT60-black\r\nDimensões da embalagem	‎5 x 5 x 5 cm; 25 g\r\n', 0, '2024-11-29 17:01:54', NULL),
(69, 'Tablet Lenovo ', 'Tab M9 Octa-Core 4GB', 3000.00, 300.00, 10, 'tablets', 2311, 'Tablet', 1, '2024-11-29 17:02:12', NULL),
(70, 'FIFINE Microfone dinâmico XLR/USB para gravação podcast,mic streaming para PC computador e jogos com luz RGB', 'Dinamico', 1000.00, 100.00, 10, 'microfones', 54, 'tgrgtr', 0, '2024-11-29 17:03:09', NULL),
(71, 'Tablet Samsung ', 'Galaxy Tab S6 Lite', 6000.00, 600.00, 10, 'tablets', 1243, 'Tablet', 1, '2024-11-29 17:03:32', NULL),
(72, 'Novo Kindle Paperwhite Signature ', 'Novo Kindle Paperwhite Signature Edition (32 GB) - O Kindle mais rápido já lançado, com luz frontal autoadaptável, carregamento sem fio e bateria que dura semanas - Cor Preta Metálica', 900.00, 1000.00, 13, 'produtos mais vendidos', 354, 'O Kindle mais rápido já lançado - A tela Paperwhite de 7” de última geração conta com alto contraste e trocas de página 25% mais rápidas.\r\nPronto para viagem - O design ultrafino tem uma tela antirreflexo maior para garantir a nitidez das páginas, onde você estiver.\r\nEmbarque em uma jornada literária - O Kindle não tem acesso a redes sociais, notificações ou outros aplicativos que tiram a sua atenção.\r\nAdapta-se ao seu ambiente - A luz frontal autoadaptável permite que você leia sob a luz mais intensa do sol ou à noite.\r\nBateria para maratonar suas histórias favoritas - Uma única carga por USB-C ou com carregador sem fio Qi compatível (vendido separadamente) dura até 12 semanas.\r\nÀ prova d’água e de preocupações - Leve suas histórias para a piscina, banheira ou para onde você quiser.\r\nImensa variedade de livros - Obtenha acesso imediato a mais de 3 milhões de títulos na Loja Kindle e assine o Kindle Unlimited para ter acesso a ainda mais conteúdo.', 1, '2024-11-29 17:03:53', NULL),
(73, 'Mouse Pad Gamer Speed Extra Grande Desk Pad Profissional com Borda Costurada 70x35 Dragão Azul Premium GAXMARK', 'Mouse pad', 23.00, 3.00, 10, 'acessórios de jogos', 34, 'dvfsgdfh', 0, '2024-11-29 17:04:20', NULL),
(74, 'Echo Studio', 'O som mais extraordinário com Alexa - com Dolby Atmos e tecnologia de processamento de áudio espacial | Cor preta', 1800.00, 2000.00, 15, 'produtos mais vendidos', 784, 'Aproveite uma experiência de áudio imersiva: O Echo Studio agora conta com tecnologia de processamento de áudio espacial, que proporciona uma experiência mais imersiva e completa. Tratando-se de formatos de som estéreo, ela cria um som mais complexo e envolvente. Os 5 alto-falantes do Echo Studio produzem graves potentes, menos distorção, com frequências médias dinâmicas e agudos nítidos. A tecnologia Dolby Atmos proporciona percepção de espaço, clareza e profundidade.\r\nControle música apenas com sua voz: peça para Alexa tocar uma música, artista ou gênero no Amazon Music, Apple Music, Spotify Premium, Deezer e muito mais. Com o Amazon Music Unlimited, aproveite acesso a 90 milhões de músicas em formatos de áudio de alta qualidade, como HD ou Ultra HD, e selecione músicas em formatos de áudio espacial como Dolby Atmos.\r\nAdaptação a qualquer ambiente: o Echo Studio identifica automaticamente a acústica do seu espaço e faz o ajuste contínuo de reprodução para oferecer a melhor experiência sonora.\r\nHub de casa inteligente integrado: peça para Alexa para controlar dispositivos compatíveis com Zigbee ou Matter.\r\nSempre disponível para ajudar: peça para Alexa tocar músicas, ler notícias e responder às suas perguntas.\r\nMantenha contato: faça chamadas para o aplicativo Alexa ou outros dispositivos Echo compatíveis.\r\nDesenvolvido para proteger a sua privacidade: a Amazon não vende informações pessoais de clientes. O Echo Studio foi construído com várias camadas de controles de privacidade, incluindo o botão de desligar o microfone.', 1, '2024-11-29 17:05:19', NULL),
(75, 'Webcam Full HD Logitech C920s com Microfone Embutido e Proteção de Privacidade para Chamadas e Gravações em Video Widescreen 1080p', 'Compatível com Logitech Capture', 378.00, 37.00, 10, 'acessórios', 45, 'sfrgtre', 0, '2024-11-29 17:05:45', NULL),
(76, 'Gshield Cabo Lightning ', 'USB-C 1,5M Compatível com iPhone e iPad', 100.00, 10.00, 10, 'carregadores', 1312, 'Carregador', 1, '2024-11-29 17:05:47', NULL),
(77, 'Fire TV Stick Lite', 'Streaming em Full HD com Alexa | Com Controle Remoto Lite por Voz com Alexa (sem controles de TV)', 210.00, 300.00, 5, 'produtos mais vendidos', 124, 'Fire TV com Alexa: aproveite streaming rápido e em Full HD. Vem com o novo Controle Remoto Lite por Voz com Alexa (sem controles de TV).\r\nMantenha o botão de voz pressionado e peça para Alexa para buscar e iniciar conteúdo facilmente no Prime Video, Netflix e YouTube.\r\nFaça streaming de mais de 250.000 filmes e episódios de séries. Assista aos seus conteúdos favoritos do Prime Video, Netflix, YouTube, Globoplay, Disney+, Max, Amazon Music, Spotify e muito mais. Tarifas de assinatura podem ser aplicadas.\r\nTV ao vivo e esportes com Globoplay + canais, PlayPlus, Sky+, Vivo Play, Claro TV+ e outros. Taxas de assinatura podem ser aplicadas.\r\nTV grátis: assista a conteúdos gratuitos com Pluto TV, VIX e Red Bull TV e conteúdos liberados com Globoplay.\r\nOuça música: Amazon Music, Spotify, Vevo e outros serviços de streaming. Taxas de assinatura podem ser aplicadas.\r\nSimples e intuitivo. Acesse facilmente seus aplicativos e conteúdos favoritos através do Início.', 1, '2024-11-29 17:06:55', NULL),
(78, 'Aiskooc Carregador Carro Elétrico', 'Cabo de Carregamento Portátil de 7 kW com Plugue CEE para Veículo Elétrico', 500.00, 50.00, 10, 'carregadores', 123, 'Cabo de Carregamento Tipo 2 de 5 Metros com 32A, IEC 62196-2', 0, '2024-11-29 17:07:04', NULL),
(79, 'Mouse pad para jogos RGB, UtechSmart Mouse pad grande estendido macio com 14 modos de iluminação', '2 níveis de brilho', 32.00, 23.00, 2, 'acessórios de jogos', 3434, 'fggf', 1, '2024-11-29 17:08:11', NULL),
(80, 'Gshield Carregador Portátil Power Bank ', 'Universal com 1 saída USB 2.4A + 1 USB C Power Delivery', 120.00, 12.00, 10, 'carregadores', 213, 'Carregador', 1, '2024-11-29 17:08:46', NULL),
(81, 'Evowatt ', 'Carregador ', 600.00, 60.00, 10, 'carregadores', 141, 'Portátil para Carro Elétrico BYD GWM VOLVO CHERY TOYOTA', 0, '2024-11-29 17:09:52', NULL),
(82, 'Projetor de luz de galáxia', 'Astronauta', 50.00, 10.00, 5, 'acessórios', 44, 'grffghf', 1, '2024-11-29 17:10:50', NULL),
(83, 'FIFINE Microfone dinâmico', 'XLR/USB para gravação podcast,mic streaming para PC computador e jogos com luz RGB,botão mudo,conector para fones ouvido,suporte de mesa,mic vocal para YouTube-AM8 Preto', 270.00, 300.00, 8, 'produtos mais vendidos', 643, 'Clareza de áudio natural] Operado com resposta de frequência 50 Hz a 16 KHz,microfone XLR para podcasting oferece uma faixa áudio equilibrada, que provavelmente repercutirá no seu público.O mic cardioide direcional com fio não exagera a sua voz e rejeita ruídos indesejados fora do eixo, proporcionando originalidade e inteligibilidade vocal durante a gravação vídeos de streaming de jogos.(Dicas:Mantenha a parte superior voltado para a fonte de áudio, a faixa gravação sugerida é de 2 a 6 pol)\r\n[Capacidade de atualização da conexão XLR] Bem conectado e com operação livre de ruídos, o microfone para podcasting e gravação em estúdio crescem junto com o equipamento de configuração estúdio, como placas de som e mixers, o que melhora a flexibilidade do áudio da fala vocal para que você possa explorar vários tipos de gravação música. O mic transmissão XLR preto isola o som puro e preciso do ruído ambiente por meio de uma transmissão balanceada com maior anti-interferência e fidelidade.\r\n[Conexão USB com Mudo Prático] Evite o incômodo de configurar algo e conecte cabo para reproduzir microfone dinâmico USB diretamente, que é adequado para criadores iniciantes ou para o trabalho diário de podcast ou conferência.Você pode controlar rapidamente a dinâmica mic USB para podcast com recurso tocar para silenciar, que é independente dos programas computador/Macbook, para manter a privacidade durante a transmissão ao vivo e não se esquecer de cancelar mudo.(Disponível conexão USB)\r\n[Soothing Controllable RGB] no microfone para jogos de mesa para PC, com 3 modos e mais de 10 cores de luz, combina com os acessórios do seu PC para uma sinergia incrível, mesmo em ambientes escuros. Você pode controlar o botão de tecla RGB do microfone dinâmico USB para melhorar o esquema de cores do jogo. Com a função de memória configurada, o microfone de transmissão RGB elimina seleções repetidas e ganha vida própria quando é ligado. (Disponível somente para conexão USB)\r\n[Mais teclas de função] O mic para computador com entrada para fones douvido aprimora a sua experiência em jogos ritmo e obtém feedback se a voz em tempo real que o público ouve é a esperada. Obtenha o nível desejado por meio do controle volume de monitoramento durante a gravação jogos.O botão ganho de mic suave no microfone PC para jogos tem alguma resistência ao ponto, o que facilita a atenuação do áudio ou aumenta a presença para diminuir a pós-produção de áudio. (Disponível conexão USB)\r\n[Uso em várias cenas]O microfone XLR/USB para jogos de PC é um ponto de parada único para realizar tarefas tanto no jogo quanto no trabalho. Com roscas metálicas embutidas de 3/8\'\' e 5/8\'\', o microfone XLR dinâmico se encaixa na maioria dos pedestais de microfone sem adaptador externo. A cobertura de windscreen com cancelamento de ruído elimina o zumbido de aparelhos elétricos próximos para um áudio mais limpo. (Sugere-se conectar o microfone à porta USB-A da parte traseira para PS5 console).', 1, '2024-11-29 17:10:56', NULL),
(84, 'Geonav Carregador ', 'Universal Ultra Rápido Duo', 100.00, 10.00, 10, 'carregadores', 23124, '1 X USB-C Power Delivery 20W, 1 X USB Quick Charge 18W, CH20PDQC, Branco', 1, '2024-11-29 17:11:03', NULL),
(85, 'EPSON EcoTank L1250', 'Impressora, tanque de Tinta Colorida, Wi-Fi Direct, Comando de voz, Bivolt, Cor: Preto', 800.00, 850.00, 3, 'produtos mais vendidos', 745, 'Marca	EPSON\r\nTecnologia de conectividade	Wi-Fi\r\nTecnologia de impressão	Jato de tinta\r\nCaracterísticas especiais	Depósito de tinta recarregável\r\nCor	Preto\r\nNome do modelo	L1250\r\nSaída da impressora	Colorido\r\nVelocidade máxima de impressão (cor)	15 ppm\r\nVelocidade máxima de impressão monocromática	33 ppm\r\nPeso do produto	3,9 Quilogramas', 1, '2024-11-29 17:12:17', NULL),
(86, 'Carregador de Parede', ' Ultra Rápido', 50.00, 25.00, 2, 'carregadores', 4124124, 'com 1 Saída USB-C Power Delivery 20W + 1 Saída USB-A 18W I2GO - i2GO PRO, Branco', 1, '2024-11-29 17:12:19', NULL),
(87, 'Luva de Dedo Gamer Free Fire PUBG COD', 'Luva', 10.00, 1.00, 10, 'acessórios', 55, 'dfsfsg', 1, '2024-11-29 17:12:46', NULL),
(88, 'Carregador Super Turbo', '50W Ultra', 25.00, 12.00, 2, 'carregadores', 41414, 'Rápido Tipo C Tipo C Carregamento Rápido + Cabo Tipo C Compatível com Iphone 15 todos aparelhos', 0, '2024-11-29 17:13:51', NULL),
(89, 'Smartwatch Samsung', 'Smartwatch Samsung Galaxy Fit3 Display 1.6\" Prata', 280.00, 320.00, 24, 'produtos mais vendidos', 532, 'Design Esportivo e confortável em alumínio;\r\nDisplay de 1.6\" AMOLED colorido;\r\nBateria de Longa Duração;\r\nControle a câmera e midia do seu celular;\r\nNotificações e resposta rápida de mensagens e chamadas;\r\nDetecção de queda e alerta de SOS;\r\nMonitoramento de frequência cardíaca e estresse;\r\nFunções de monitoramento avançado de Sono;\r\nSuporta 101 tipos de treinos esportivos, sendo 6 detectados automaticamente;\r\nResistência à água (5 ATM = 50 metros);', 1, '2024-11-29 17:14:07', NULL),
(90, 'Luminária De Mesa Abajur Rgb Smart Bluetooth Speaker Wireles ', 'Mais avaliados', 78.00, 8.00, 10, 'acessórios', 4, 'dsfvdsg', 0, '2024-11-29 17:15:04', NULL),
(91, 'Ímã ', 'magnético', 300.00, 30.00, 10, 'acessórios', 321, ' para celular, suporte de carro, acessório para celular, acessórios para celular, Prata', 1, '2024-11-29 17:16:21', NULL),
(92, 'IBM', 'Teclado sem fio Logitech Pebble Keys 2 K380s com Conexão Bluetooth Easy-Switch e Pilha Inclusa - Compatível com PC, Mac, Chrome OS, Android, iOS e Apple TV,... Cor:Branco', 100.00, 150.00, 10, 'produtos mais vendidos', 12, 'hduysyasd', 1, '2024-11-29 18:41:29', NULL);

-- --------------------------------------------------------

--
-- Estrutura para tabela `status`
--

CREATE TABLE `status` (
  `ID_Status` int NOT NULL,
  `Descricao` varchar(255) COLLATE utf8mb4_general_ci NOT NULL
) ENGINE=InnoDB DEFAULT CHARSET=utf8mb4 COLLATE=utf8mb4_general_ci;

--
-- Despejando dados para a tabela `status`
--

INSERT INTO `status` (`ID_Status`, `Descricao`) VALUES
(1, 'Em separação'),
(2, 'Centro de Logística'),
(3, 'Saiu para entrega'),
(4, 'Entregue'),
(5, 'Cancelado');

-- --------------------------------------------------------

--
-- Estrutura para tabela `users`
--

CREATE TABLE `users` (
  `id` int UNSIGNED NOT NULL,
  `name` varchar(100) COLLATE utf8mb4_general_ci NOT NULL,
  `email` varchar(200) COLLATE utf8mb4_general_ci NOT NULL,
  `cpf` varchar(14) COLLATE utf8mb4_general_ci NOT NULL,
  `birthdate` date NOT NULL,
  `password` varchar(200) COLLATE utf8mb4_general_ci NOT NULL,
  `image` varchar(200) COLLATE utf8mb4_general_ci DEFAULT NULL,
  `token` varchar(200) COLLATE utf8mb4_general_ci DEFAULT NULL,
  `user_type` int UNSIGNED NOT NULL,
  `telefone` varchar(20) COLLATE utf8mb4_general_ci DEFAULT NULL,
  `endereco` varchar(255) COLLATE utf8mb4_general_ci DEFAULT NULL,
  `sexo` enum('Masculino','Feminino') COLLATE utf8mb4_general_ci DEFAULT NULL,
  `is_deleted` tinyint(1) NOT NULL DEFAULT '0',
  `created_at` timestamp NOT NULL DEFAULT CURRENT_TIMESTAMP
) ENGINE=InnoDB DEFAULT CHARSET=utf8mb4 COLLATE=utf8mb4_general_ci;

--
-- Despejando dados para a tabela `users`
--

INSERT INTO `users` (`id`, `name`, `email`, `cpf`, `birthdate`, `password`, `image`, `token`, `user_type`, `telefone`, `endereco`, `sexo`, `is_deleted`, `created_at`) VALUES
(2, 'Cassio Egidio', 'cassio@gmail.com', '51021232890', '1999-02-02', '$2y$10$S8SnE6fprybw7d7gXhrmgOi/hhLfzQoZyUwW91axMxA5BqMvNxnIa', NULL, 'ab73721b2a60af5d80413a496938ead2343b4205b1d8321300e2878657d29164d125cf705a63cdeb621cb1b2f75d708eff65', 1, NULL, NULL, NULL, 1, '2024-10-16 03:39:58'),
(4, 'Cássio egidio funcionario', 'cassioadm@gmail.com', '05192889120', '1993-06-18', '$2y$10$GlhLvi5c14o5v.Z5PmaVYu3RRCtks58d0llk1tgoHfOAf8o16U2Om', '6a91acf76b04d77074700b510e29567eef9a13d42824044a91e5e764ec5f5da413bd280ca3948787b3e1d64d97a8ba88eab022c1e8258e16a2163f10.jpg', '1d83fbd0b81f324990b324a3d9af0ed622052a3fa0f9fddf84e0923d5abd2a313bacd1fb6f4d12ee00b88adaea230af91c0d', 2, '11958533922', NULL, 'Masculino', 0, '2024-10-16 03:39:58'),
(5, 'guilherme vinicius', 'guilherme@gmail.com', '37953139103', '1996-06-18', '$2y$10$HViM7sHFUrGCXB.SAstSS.DFA0QK9zL.PMV9cByLg/drB35pX/B2i', NULL, '5839c6659fd70e13ff3ab153b58c3b47f2870e60209191411bf3f758dc3bf350eb83d33da00875cc4a866b92674c5e53f47a', 1, NULL, NULL, NULL, 0, '2024-10-16 03:39:58'),
(6, 'outro funci', 'funci@gmail.com', '72150777304', '1995-01-10', '$2y$10$mAlmiMOE/6LsJ8S7.Unr7.LFeT183Ub7MVwpj2gGZV91qH2XeF2wW', NULL, 'd9d466425b07918a247bc1796cf901b5ca7bde2bd5169cf34e8a2044ede84485bbec948a75929a0933bac394cbdc77134f14', 2, NULL, NULL, NULL, 0, '2024-10-16 03:39:58'),
(7, 'gabriel', 'gabriel@gmail.com', '33994928397', '1995-01-09', '$2y$10$76YaLY.4QpslizMJ9amlq.HraHwh5teyUK0GzF4a4AqOwtM0LiSci', 'fb54771a75de1b0b1bcc373c500fc9a839dce8bfe15ec269ee39327ef552faf70592bec7510ea3b2e4d234687df606293391f99aac896d635d2f2d53.jpg', '7768161bcbc57f2c300177a3ee55da72bafc5ed37d64355314ba8d17a17bb3523fedde0d9acec82cbf4673407c0aa669aa14', 1, '11958533922', NULL, 'Masculino', 0, '2024-10-16 03:39:58'),
(8, 'cassio egidio', 'ehdshshj@gmail.com', '68838166820', '2000-02-08', '$2y$10$oFT92a4Kw4JqAiHeF38kTuDATceMZ1SV71OHCWNirUuP4mkOXayFm', NULL, '10e5efb0ca75b79c240e29132730ead4b813fd8e9a038db634e31dfe4011d380ce218c0c08f5102f109dbd40b9124148bf83', 1, NULL, NULL, NULL, 0, '2024-10-16 03:39:58'),
(9, 'cassio egidio', 'cahhfdfdhh@gmail.com', '48576584026', '1996-01-02', '$2y$10$dIWasntDOJxrp.DWo/vMHeoUVCrU4vFbWghQaTdr/D6/MuDaHUEmO', '45f4ab6e9aa2ee1bb4f7a17369372e759dc140985fab5b5180f10507677959b3ec5153c4712040ca61df07d72f56f1e7e433b0e83b583e0599b9f9bb.jpg', '399019bec9f2566549cbc48b43a197bf9eaa5d3d707010379b3e87120b29a6f8bcd91e3cc8d6c6304519fc07fc052c498095', 1, '119349545854', NULL, 'Masculino', 0, '2024-10-16 03:39:58'),
(10, 'Cassio', 'jiddjidjiji@gmail.com', '57813590791', '1998-12-28', '$2y$10$aqlqz9E7v47zbFNgNPowYugfn0tFQbk57Uv4TuIIJVniU0XOegbyO', '2ac6659f09e5b75633c09895c562e8473888fcf235011f048e286057e21a9e7a497fc1cef365f993193dcda89fe104c0f8dac9b0b401d95c355577ba.jpg', 'e8cf35e8c82162366f61da0d131fabd742dc95ca238aa186b526b83b0778fe23c7398f70c2be1cfb4b976e9d795e537703c7', 1, '112234567', NULL, 'Masculino', 0, '2024-10-16 03:39:58'),
(11, 'cassio ', 'snjdjdsjndj@gmail.com', '09404621501', '1998-06-09', '$2y$10$K3.exCxGFX.ZUGtc8AcYd.CZN/UyX.w8LPxiVZGChY6S9Vg8pb7v2', '1f6b21894ba1bb1b83648626139b6a1d73db72c9162aaf4f0b5a6d1f8831e6135a7e69ab07b226d1172411c6e30302a44abb757ba5c695ce0cfd6b6b.jpg', '2121279db8d0b4b7d3500b7f919685741bfa9e4186ff50a31b63c5cc28a979eb3c71e42f5e95b6a37cb1590145369e5276e9', 1, '11111', NULL, 'Masculino', 0, '2024-10-16 03:39:58'),
(12, 'Cassio egidio', 'fdfdfddfdf@gmail.com', '59937828899', '1996-01-10', '$2y$10$1ttUxH1LKuLLtAHq1jAlyuBli4t.4gAfoYQSYfxa.GJEaO1lW/Yt.', '9f97aa9ac3222ac971f6916129902c28d83099b069a22f9d8c43cb09bf25d4868d686922cac0f3f91bb4af739fd3fcacbce7f3e5877b63d802180dff.jpg', 'b4051ac0274e7667b10597b3203095eeecc97ee35d3915f8c904cdd70df7f4e06ad46e77e025a4d9e617257a6590ab8c9f84', 1, '11122343445454', NULL, 'Masculino', 0, '2024-10-16 03:39:58'),
(13, 'cassio', 'jifdfdiis@gmail.com', '08857382842', '1996-11-20', '$2y$10$ASdbuF01ffMrhVorE3nFveHGZuK7glVXbS5QeqxqsRg/bPhujbytm', 'dad05a466909df48c59ac76a6ef5fa9db586029e27dbfc35c719b205d4a1d049f98c1df049bda3b6357d867b584ed406e5df7551a7f663de4ff58804.jpg', '6ed4f6ebf562bcbfb589e73040080da59ea7cf6132a5c20af0d284d1be5b07aaa0a2c5cd76d682233a218d8f215db1ab22a2', 1, '124343454', NULL, 'Masculino', 0, '2024-10-16 03:39:58'),
(14, 'guilherme', 'fkdfdfodfodk2@gmail.com', '26035734707', '2000-02-16', '$2y$10$.2KvolPti09Nn0Y74pybSORH5hkVgbT/MJaqOosxsvqrzfMHiwjYu', 'cfa6cadf5a659ab6bb83ef8225a3890a822016bae5c2de3963df3ff0b8ee5a5b979ddad16c3be70e4135df0931ea98d83db49c55a9e15f70174dd18b.jpg', 'eb3c03828b1f990ab35a095bb4dc09554441767bc2f94ac76da98d2f5522152fb47eab4bf63661128586e900aa85d58bc691', 1, '132454657', NULL, 'Masculino', 0, '2024-10-16 03:39:58'),
(15, 'cassio', 'lallaal2@gmail.com', '44761011351', '2000-02-08', '$2y$10$gzRqche.V2PIo58Y4pAHMu.5/gvdbHpSKvSLCO.sgpjIIqYPCNalm', 'cce3ec391d38fcfe944f94861ccfb65b739d7f316ffa34c895192f738689471e6efdf72b985fd9af3c4a303481fc62a48ca9055c236620af175e60a2.jpg', 'e650340ce1b5ccc20dfd6cb98927678463d8123a1789fb8216dba68f44d22129025e808afbe35a8c608825de0360a3d88b98', 1, '12233546576', NULL, 'Masculino', 0, '2024-10-16 03:39:58'),
(16, 'cassio egidio', 'fjodksodss@gmail.com', '56853329554', '1998-01-21', '$2y$10$tuLzP.tARC0yUZIddVsoouzQupT2gYr7s/08NvogXsUn3h9/AtLwO', 'f53e9d3b7071b45fe6fa8d75b109b85ce2db6e3c980fd63d17a9ed10ee5e825aff27261b17c0f6dce610ce137f0260c9f223d52fd69de129a927ec1a.jpg', 'b781b5e944e2cd17760ac188c2681a2d85d4fda2bd448e37f6e24a1ee3c063dd9fa390dc510d855aaccea97f8b715e4906d4', 1, '1465766', NULL, 'Masculino', 0, '2024-10-16 03:39:58'),
(17, 'felipe vierra', 'felipe@gmail.com', '56870657840', '1996-06-06', '$2y$10$9sg81VYoBbjdHyv9KocEo.tBITcRCdGH437gowK5FnngphyH6KBRO', '0424a73e27f3ca9282ad918094d86a9dec5339a7a3ec9c9394c0ffa241eccd865cf574276679ffcb05b706e56ff024050d8707b8e5473656965ccfe2.jpg', 'b8f7954864ddbabd1d68af160ed7577e33daff888cee2a72b8ebca0e6d6cdcb4270ae23f35b0f0d70671186df3c194bec242', 1, '11980570268', NULL, 'Masculino', 0, '2024-10-16 03:39:58'),
(18, 'fhdsjsdhfisfdhjsfdhjsfdsfdk', 'sdhshfdshjdfsjdshj@gmail.com', '18353355191', '1997-06-19', '$2y$10$e33kr.p06Hk4JlDEfOKouOOftmpScbfggwNPPGNYwZ/Y28ZKkt1H2', NULL, '284852fcaaf9f2450659fb981e47134a783b6aecfad45ec37ab9e4e2bb331207aa7850ac70b3546d57dbccaf432b4824e09f', 2, NULL, NULL, NULL, 0, '2024-10-16 03:39:58'),
(19, 'joão mota', 'jp1119174@gmail.com', '51912772876', '1997-06-10', '$2y$10$JcLrygP8ZBgjJOyltmmuX.TxIQDUBLJaYgxTTZFgR7npHUF9rgQZO', '', '8980862cf9658231baf77712dd2f3dc53bf2f249b61c6996b4191e4c316241d5083424a71a787adf1e4f6c38b1d38cf30312', 1, '11933465766', NULL, 'Masculino', 0, '2024-10-16 03:39:58'),
(20, 'cassioadm2.php', 'cassioadm2@gmail.com', '94283621072', '2006-06-07', '$2y$10$91dXjDwbbPuzd54t.w2aNuGdxmpYyTaeFUYYqT1ccVq.UWmP275PS', NULL, '5d6006a3dcac0ccb17aefce11d7565fe6bbb1251b9da499bf18eaad1faa3bce7e1e3314f0ee55a0eb1b7432ba6bb7fd9b96f', 2, NULL, NULL, NULL, 0, '2024-10-28 01:24:35'),
(21, 'Gabriel', 'gab@gmail.com', '49854039030', '1111-11-11', '$2y$10$I4nuAppQ4kOzrowBCQ7RxuW7OI5/n4E9eVqeR8g6wA2yWe/z3uq9u', NULL, '3119799eb1b1f613652c0d1063463d05532df1383f689619e6919d68949a0b6bb1bc7e4fe37c96544ec5104b306cf9db69d8', 2, NULL, NULL, NULL, 0, '2024-11-29 16:42:06'),
(22, 'Cassio', 'cassio2@gmail.com', '58644251090', '2000-02-20', '$2y$10$3gOaQY371iFTbg8n71Bbhuc0dDPefZB08stQw7I1l8qmed3DedthC', NULL, '4bb4a56e5f4fbe2af12c15a463dbbf0624a82d581ae848b94aa700557d9a291a1568914ac17f68d8840c2592b53fdb183e7d', 2, NULL, NULL, NULL, 0, '2024-11-29 16:43:26'),
(23, 'cassio egidio', 'david123@gmail.com', '75186778060', '2002-01-09', '$2y$10$S0McHISoLUwauWQdaZ3uxu2Q6ANVgRudITjuI9Qk3wTpGIg24OaBS', NULL, '61cb093b8eb2eef2223d0e94b11dfee57ce9aaa0329fa74df77b985e8a94e4b049b601832300f51ee646d34d5315e8d937e0', 1, NULL, NULL, NULL, 0, '2024-11-29 18:29:04'),
(24, 'ff', 'f@gmail.com', '04998469070', '1998-01-05', '$2y$10$jj2QaOGc0gE9J8ytOZ5kWOuYQC5ohVwuqrSzWc5L.0NqC6ZWIv74.', NULL, 'e385270b11534c9e5efdf385a60bc15d66b255b1ba0486d99a31d2e69d9035dc82da39a7380ac86bbde7e5e0cbc1704cbbac', 2, NULL, NULL, NULL, 0, '2024-11-29 18:39:27'),
(25, 'jonatas', 'jonatas@gmail.com', '41585626864', '2002-01-01', '$2y$10$gLnAWB9QP4f6XXXQOJmVn..H2PUHhTebQQNu3aLd1euSudzoHKq6K', NULL, 'a7cbf73baa7429379a64f131e79824000c0abaa092140f43dedb020c1d52edeab52655c11c8de8dc3228c2d966b350456510', 1, '11744378', NULL, 'Masculino', 0, '2024-11-30 11:31:59'),
(26, 'Edielo Alves Paixão', 'meucueaerto@rabo.com', '16729772824', '2005-02-08', '$2y$10$x2ksErfveuuxpodSNejTu.LYNN7lxWeC78nI2IIqM1zKElMtKKbWO', NULL, '4dfd5a3867ae8c0ef884bcbc8205545ea9a56f1110354990a88292d00515040ad4eaccf139b2c40f907a0e81ef56358ce4ca', 1, NULL, NULL, NULL, 0, '2024-12-08 01:16:49');

--
-- Índices para tabelas despejadas
--

--
-- Índices de tabela `aparelho`
--
ALTER TABLE `aparelho`
  ADD PRIMARY KEY (`id_aparelho`);

--
-- Índices de tabela `carrinho`
--
ALTER TABLE `carrinho`
  ADD PRIMARY KEY (`id_Carrinho`),
  ADD KEY `Carrinho_ibfk_1` (`Id_User`),
  ADD KEY `Carrinho_ibfk_2` (`Id_Prod`);

--
-- Índices de tabela `compra`
--
ALTER TABLE `compra`
  ADD PRIMARY KEY (`id_compra`),
  ADD KEY `compra_ibfk_1` (`id_produto`),
  ADD KEY `compra_ibfk_2` (`id_usuario`),
  ADD KEY `compra_ibfk_3` (`Status`),
  ADD KEY `compra_ibfk_4` (`id_endereco`);

--
-- Índices de tabela `concerto`
--
ALTER TABLE `concerto`
  ADD PRIMARY KEY (`id_Concerto`),
  ADD KEY `Concerto_ibfk_1` (`id_User`),
  ADD KEY `Concerto_ibfk_2` (`id_aparelho`);

--
-- Índices de tabela `endereco`
--
ALTER TABLE `endereco`
  ADD PRIMARY KEY (`ID_Endereco`),
  ADD KEY `endereco_ibfk_1` (`ID_User`);

--
-- Índices de tabela `faleconosco`
--
ALTER TABLE `faleconosco`
  ADD PRIMARY KEY (`id_fale`);

--
-- Índices de tabela `imagens_produto`
--
ALTER TABLE `imagens_produto`
  ADD PRIMARY KEY (`id`),
  ADD KEY `produto_id` (`produto_id`);

--
-- Índices de tabela `mensagem`
--
ALTER TABLE `mensagem`
  ADD PRIMARY KEY (`ID_mensagem`),
  ADD KEY `mensagem_ibfk_1` (`ID_Remetente`),
  ADD KEY `mensagem_ibfk_2` (`ID_Destinatario`);

--
-- Índices de tabela `nivel_acesso`
--
ALTER TABLE `nivel_acesso`
  ADD PRIMARY KEY (`users_type`);

--
-- Índices de tabela `produtos`
--
ALTER TABLE `produtos`
  ADD PRIMARY KEY (`id`);

--
-- Índices de tabela `status`
--
ALTER TABLE `status`
  ADD PRIMARY KEY (`ID_Status`);

--
-- Índices de tabela `users`
--
ALTER TABLE `users`
  ADD PRIMARY KEY (`id`),
  ADD KEY `user_type` (`user_type`);

--
-- AUTO_INCREMENT para tabelas despejadas
--

--
-- AUTO_INCREMENT de tabela `aparelho`
--
ALTER TABLE `aparelho`
  MODIFY `id_aparelho` int UNSIGNED NOT NULL AUTO_INCREMENT, AUTO_INCREMENT=27;

--
-- AUTO_INCREMENT de tabela `carrinho`
--
ALTER TABLE `carrinho`
  MODIFY `id_Carrinho` int UNSIGNED NOT NULL AUTO_INCREMENT, AUTO_INCREMENT=15;

--
-- AUTO_INCREMENT de tabela `compra`
--
ALTER TABLE `compra`
  MODIFY `id_compra` int NOT NULL AUTO_INCREMENT, AUTO_INCREMENT=78;

--
-- AUTO_INCREMENT de tabela `concerto`
--
ALTER TABLE `concerto`
  MODIFY `id_Concerto` int UNSIGNED NOT NULL AUTO_INCREMENT, AUTO_INCREMENT=35;

--
-- AUTO_INCREMENT de tabela `endereco`
--
ALTER TABLE `endereco`
  MODIFY `ID_Endereco` int NOT NULL AUTO_INCREMENT, AUTO_INCREMENT=6;

--
-- AUTO_INCREMENT de tabela `faleconosco`
--
ALTER TABLE `faleconosco`
  MODIFY `id_fale` int NOT NULL AUTO_INCREMENT, AUTO_INCREMENT=2;

--
-- AUTO_INCREMENT de tabela `imagens_produto`
--
ALTER TABLE `imagens_produto`
  MODIFY `id` int NOT NULL AUTO_INCREMENT, AUTO_INCREMENT=404;

--
-- AUTO_INCREMENT de tabela `mensagem`
--
ALTER TABLE `mensagem`
  MODIFY `ID_mensagem` int NOT NULL AUTO_INCREMENT;

--
-- AUTO_INCREMENT de tabela `produtos`
--
ALTER TABLE `produtos`
  MODIFY `id` int NOT NULL AUTO_INCREMENT, AUTO_INCREMENT=93;

--
-- AUTO_INCREMENT de tabela `status`
--
ALTER TABLE `status`
  MODIFY `ID_Status` int NOT NULL AUTO_INCREMENT, AUTO_INCREMENT=6;

--
-- AUTO_INCREMENT de tabela `users`
--
ALTER TABLE `users`
  MODIFY `id` int UNSIGNED NOT NULL AUTO_INCREMENT, AUTO_INCREMENT=27;

--
-- Restrições para tabelas despejadas
--

--
-- Restrições para tabelas `carrinho`
--
ALTER TABLE `carrinho`
  ADD CONSTRAINT `Carrinho_ibfk_1` FOREIGN KEY (`Id_User`) REFERENCES `users` (`id`),
  ADD CONSTRAINT `Carrinho_ibfk_2` FOREIGN KEY (`Id_Prod`) REFERENCES `produtos` (`id`);

--
-- Restrições para tabelas `compra`
--
ALTER TABLE `compra`
  ADD CONSTRAINT `compra_ibfk_1` FOREIGN KEY (`id_produto`) REFERENCES `produtos` (`id`),
  ADD CONSTRAINT `compra_ibfk_2` FOREIGN KEY (`id_usuario`) REFERENCES `users` (`id`),
  ADD CONSTRAINT `compra_ibfk_3` FOREIGN KEY (`Status`) REFERENCES `status` (`ID_Status`),
  ADD CONSTRAINT `compra_ibfk_4` FOREIGN KEY (`id_endereco`) REFERENCES `endereco` (`ID_Endereco`);

--
-- Restrições para tabelas `concerto`
--
ALTER TABLE `concerto`
  ADD CONSTRAINT `Concerto_ibfk_1` FOREIGN KEY (`id_aparelho`) REFERENCES `aparelho` (`id_aparelho`),
  ADD CONSTRAINT `Concerto_ibfk_2` FOREIGN KEY (`id_User`) REFERENCES `users` (`id`);

--
-- Restrições para tabelas `endereco`
--
ALTER TABLE `endereco`
  ADD CONSTRAINT `endereco_ibfk_1` FOREIGN KEY (`ID_User`) REFERENCES `users` (`id`);

--
-- Restrições para tabelas `imagens_produto`
--
ALTER TABLE `imagens_produto`
  ADD CONSTRAINT `imagens_produto_ibfk_1` FOREIGN KEY (`produto_id`) REFERENCES `produtos` (`id`) ON DELETE CASCADE;

--
-- Restrições para tabelas `mensagem`
--
ALTER TABLE `mensagem`
  ADD CONSTRAINT `mensagem_ibfk_1` FOREIGN KEY (`ID_Remetente`) REFERENCES `users` (`id`),
  ADD CONSTRAINT `mensagem_ibfk_2` FOREIGN KEY (`ID_Destinatario`) REFERENCES `users` (`id`);

--
-- Restrições para tabelas `users`
--
ALTER TABLE `users`
  ADD CONSTRAINT `users_ibfk_1` FOREIGN KEY (`user_type`) REFERENCES `nivel_acesso` (`users_type`);
COMMIT;

/*!40101 SET CHARACTER_SET_CLIENT=@OLD_CHARACTER_SET_CLIENT */;
/*!40101 SET CHARACTER_SET_RESULTS=@OLD_CHARACTER_SET_RESULTS */;
/*!40101 SET COLLATION_CONNECTION=@OLD_COLLATION_CONNECTION */;
